name	type	clan	cost	force	chi	hreq	ph	focus	gold	pstr	honor	when	fx	n	kw	copies	text
Kyuden Hida	Stronghold	Crab							5	8	3					Crab:1	Bow: produce 5 gold.
Kyuden Doji	Stronghold	Crane							6	6	10					Crane:1	Bow: produce 6 gold.
Kyuden Togashi	Stronghold	Dragon							5	6	7					Dragon:1	Bow: produce 5 gold.
Shiro Akodo	Stronghold	Lion							5	7	7					Lion:1	Bow: produce 5 gold.
Kyuden Isawa	Stronghold	Phoenix							5	6	8					Phoenix:1	Bow: produce 5 gold.
Kyuden Bayushi	Stronghold	Scorpion							6	7	2					Scorpion:1	Bow: produce 6 gold.
Shiro Shinjo	Stronghold	Unicorn							6	7	5					Unicorn:1	Bow: produce 6 gold.
Hida Kisada	Personality	Crab	9	5	4	2	2								unique	Crab:1	
Hida Yakamo	Personality	Crab	7	4	3	0	1								unique	Crab:1	
Kuni Yori	Personality	Crab	4	1	4	0	0								unique shugenja	Crab:1	Shugenja.
Hida Bushi	Personality	Crab	4	3	2	0	1									Crab:3	
Hiruma Scout	Personality	Crab	3	2	2	0	1									Crab:3	
Kuni Shugenja	Personality	Crab	3	1	3	0	1								shugenja	Crab:3	Shugenja.
Doji Hoturi	Personality	Crane	8	3	4	8	4								unique	Crane:1	
Kakita Toshimoko	Personality	Crane	9	3	5	10	4								unique	Crane:1	
Asahina Tamako	Personality	Crane	5	0	4	6	4								unique shugenja	Crane:1	Shugenja.
Kakita Duelist	Personality	Crane	5	2	4	4	3									Crane:3	
Doji Courtier	Personality	Crane	3	1	2	3	3									Crane:3	
Asahina Shugenja	Personality	Crane	4	1	3	3	3								shugenja	Crane:3	Shugenja.
Togashi Yokuni	Personality	Dragon	10	4	6	5	3								unique	Dragon:1	
Mirumoto Hitomi	Personality	Dragon	8	4	4	3	2								unique	Dragon:1	
Tamori Shaitung	Personality	Dragon	5	1	4	3	2								unique shugenja	Dragon:1	Shugenja.
Mirumoto Bushi	Personality	Dragon	5	3	3	2	2									Dragon:3	
Togashi Monk	Personality	Dragon	4	2	4	2	2									Dragon:3	
Tamori Shugenja	Personality	Dragon	3	1	3	2	2								shugenja	Dragon:3	Shugenja.
Akodo Toturi	Personality	Lion	9	4	4	6	3								unique	Lion:1	
Matsu Tsuko	Personality	Lion	9	5	3	4	2								unique	Lion:1	
Kitsu Okura	Personality	Lion	5	1	4	4	3								unique shugenja	Lion:1	Shugenja.
Akodo Bushi	Personality	Lion	4	3	2	3	2									Lion:3	
Matsu Berserker	Personality	Lion	4	4	1	2	1									Lion:3	
Kitsu Shugenja	Personality	Lion	3	1	3	3	2								shugenja	Lion:3	Shugenja.
Isawa Tadaka	Personality	Phoenix	8	2	6	5	3								unique shugenja	Phoenix:1	Shugenja.
Shiba Tsukune	Personality	Phoenix	7	3	4	5	3								unique	Phoenix:1	
Isawa Kaede	Personality	Phoenix	6	1	5	6	4								unique shugenja	Phoenix:1	Shugenja.
Shiba Bushi	Personality	Phoenix	4	2	3	3	2									Phoenix:3	
Isawa Shugenja	Personality	Phoenix	4	1	4	3	2								shugenja	Phoenix:3	Shugenja.
Asako Shugenja	Personality	Phoenix	2	1	2	2	2								shugenja	Phoenix:3	Shugenja.
Bayushi Shoju	Personality	Scorpion	9	4	5	0	1								unique	Scorpion:1	
Bayushi Kachiko	Personality	Scorpion	5	1	4	0	2								unique	Scorpion:1	
Yogo Junzo	Personality	Scorpion	6	1	5	0	0								unique shugenja	Scorpion:1	Shugenja.
Bayushi Bushi	Personality	Scorpion	4	3	2	0	1									Scorpion:3	
Shosuro Infiltrator	Personality	Scorpion	2	2	2	0	0									Scorpion:3	
Soshi Shugenja	Personality	Scorpion	3	1	3	0	1								shugenja	Scorpion:3	Shugenja.
Shinjo Yokatsu	Personality	Unicorn	8	4	4	3	2								unique	Unicorn:1	
Utaku Kamoko	Personality	Unicorn	8	4	3	4	3								unique	Unicorn:1	
Iuchi Karasu	Personality	Unicorn	5	1	4	2	2								unique shugenja	Unicorn:1	Shugenja.
Shinjo Rider	Personality	Unicorn	4	3	2	2	1									Unicorn:3	
Utaku Battle Maiden	Personality	Unicorn	5	3	3	3	2									Unicorn:3	
Iuchi Shugenja	Personality	Unicorn	3	1	3	2	1								shugenja	Unicorn:3	Shugenja.
Ronin Swordsman	Personality	Ronin	5	3	2	0	0									all:1	
Wandering Monk	Personality	Ronin	3	1	3	0	1									all:1	
Small Farm	Holding		2						1					0		all:6	Bow: produce 1 gold.
Copper Mine	Holding		3						2					0		all:6	Bow: produce 2 gold.
Silver Mine	Holding		5						3					0		all:4	Bow: produce 3 gold.
Gold Mine	Holding		7						4					0		all:2	Bow: produce 4 gold.
Fortified Keep	Holding		4						2				provstr	1		all:2	Bow: produce 2 gold. Your provinces have +1 Strength.
Geisha House	Holding		3						0				honorbow	1		all:2	Bow: gain 1 honor.
Imperial Gift	Event												ev_honor	3		all:1	When revealed: you gain 3 honor.
Festival of Lanterns	Event												ev_draw	2		all:1	When revealed: you draw 2 Fate cards.
Typhoon	Event												ev_storm	0		all:1	When revealed: bow every Personality your opponent controls.
Plague	Event												ev_plague	1		all:1	When revealed: destroy every Personality with Chi 1 or less.
Ashigaru	Follower		1	1		0		1				limited				all:3	Follower. Attach to a Personality you control: +1 Force.
Light Infantry	Follower		2	2		0		1				limited				all:3	Follower. Attach to a Personality you control: +2 Force.
Heavy Infantry	Follower		3	3		0		2				limited				all:2	Follower. Attach to a Personality you control: +3 Force.
Light Cavalry	Follower		2	2		0		2				limited				all:2	Follower. Attach to a Personality you control: +2 Force.
Katana	Item		1	1	0	0		2				limited				all:2	Item. Attach to a Personality you control: +1 Force.
Ancestral Sword	Item		3	2	1	8		3				limited				all:1	Item. Attach to a Personality you control: +2 Force, +1 Chi.
Lacquered Armor	Item		2	1	1	0		2				limited				all:1	Item. Attach to a Personality you control: +1 Force, +1 Chi.
Banzai!	Strategy							1				battle	force	2		all:3	Battle: one of your units in this battle gets +2 Force.
Ambush	Strategy							2				battle	ambush	3		all:2	Battle, defending only: one of your defending units gets +3 Force.
Archers' Volley	Strategy							2				battle	killfol	2		all:2	Battle: destroy an opposing Follower with Force 2 or less in this battle.
Rally the Troops	Strategy							2				battle	rally	0		all:1	Battle: straighten one of your bowed units in this battle.
Strategic Withdrawal	Strategy							1				battle	withdraw	0		all:1	Battle: one of your units leaves the battle and goes home bowed.
Challenge	Strategy							1				open	duel	0		all:3	Open: one of your unbowed Personalities challenges an opposing Personality to a duel.
Political Favor	Strategy							1				limited	gainhonor	3		all:2	Limited: gain 3 honor.
Insult	Strategy							2				open	insult	1		all:1	Open: bow an opposing Personality. Its controller loses 1 honor.
Whispers of Scandal	Strategy							2				open	losehonor	2		all:1	Open: your opponent loses 2 honor.
Hired Killer	Strategy							3				open	assassin	2		all:1	Open: pay 3 gold and lose 3 honor: destroy an opposing Personality with Personal Honor 2 or less.
Forced March	Strategy							1				limited	straighten	0		all:1	Limited: straighten one of your Personalities.
Supply Lines	Strategy							1				limited	draw	2		all:1	Limited: draw 2 Fate cards.
Armor of Earth	Spell							2				battle	force	3		all:1	Spell. Battle, bow a Shugenja you control: one of your units in this battle gets +3 Force.
Fires of Purity	Spell							2				battle	killfol	3		all:1	Spell. Battle, bow a Shugenja you control: destroy an opposing Follower with Force 3 or less in this battle.
Blessing of the Fortunes	Spell							1				limited	gainhonor	2		all:1	Spell. Limited, bow a Shugenja you control: gain 2 honor.
Ring of Earth	Ring							1				limited	ring_earth			all:1	Limited. Play only if you control four or more Holdings.
Ring of Water	Ring							1				limited	ring_water			all:1	Limited. Play only if you control four or more Personalities.
Ring of Fire	Ring							1				limited	ring_fire			all:1	Limited. Play only if you won a battle this turn.
Ring of Air	Ring							1				limited	ring_air			all:1	Limited. Play only if your Family Honor is 20 or more.
Ring of the Void	Ring							1				limited	ring_void			all:1	Limited. Play only if you have three other Rings in play.
