house	title	words	strengths	weaknesses	signature
Ravenmark	The Militarist	By Sword and Storm	+2 Military Standing at start | Wins all combat ties | Declares Open War at no Grievance cost | Pays 1 less for War deck access	-1 Capital Standing at start | Cannot send Instigators | Spying always fails | Pays 2 Capital more for every Promise it proposes	Call the Banners | Martial Law | Crush the Rebellion | The Iron Summons | No Quarter
Vipren	The Spymaster	What is Whispered is Owned	+2 Capital Standing at start | Draws 2 from its own House deck each turn | Sends 2 Instigators per turn | Spying always succeeds and is never detected	-1 Military Standing at start | Combat cards cost double | Pays 4 Grievance to declare Open War | Broken Words count double against it when cards read reputation	Whisper Network | Poison | Blackmail | Double Agent | The Long Knife
Goldwyn	The Banker	Every Throne Has a Price	+5 Gold Standing at start | +2 Gold Levy every turn beyond Standing | Buys votes at Council for 2 Gold Levy each | Clears Unrest at 1 Gold per point | The Purchased Throne is a road only it can realistically walk	-1 Military Standing at start | Its lords cost 2 Levy of dues to maintain, not 1 | Revolution in its lords advances at double rate from Instigators | Buys votes and so buys the Paramountcy, and is resented for it in Grievance	Bribe | Mercenaries | Buy the Vote | Debt Trap | Golden Shackles
Aldemar	The Legitimist	The Realm Remembers	+2 Standing in all three at start | Each of its lords casts one extra vote at every Council | Revolution in its lords begins at -1, taken once when the Bond is sworn | May pardon a turning lord, ending its Revolution and gaining 2 Servitude over it	Cannot send Instigators against an unbound lord | Cannot assassinate | No permanent growth cards in its own deck | Loses 2 Capital Standing the first time it breaks a Promise each game	Pardon | Call the Council | Oath Sworn | Defend the Realm | The People's Choice
None	None	None			
Leoward	The Word	A Lion's Word is a Lion's Claw	+2 Capital Standing at start | A kept Promise pays 1 Capital Standing outright -- the only routine way any House grows Standing | Its deck is mostly Promises, with every term in it	Breaking a Promise costs double Favour with the Court | No combat identity at all: it fights at the base of 3	
Stonegarth	The Yoke	What Is Bound Stays Bound	Advances Servitude one notch deeper than anyone else | Revolution advances at half rate against lords it holds | +1 Military and +1 Gold Standing at start	Cannot spy: it binds in the open and has no use for whispers | -1 Capital, so the Council is harder to reach by any road but the lords	
Wulfren	The Grudge	The Pack Remembers	Every Grievance it gains, it gains one harder | The five Grievance sinks become a real economy rather than a floor | +1 Military and +1 Capital Standing at start	-1 Gold: it cannot buy its way anywhere | Its whole economy is being wronged, so a rival that leaves it alone starves it	
Everhold	The Beast	It Does Not Stop Coming	Unrest cuts its Levy at half rate: a realm in uproar is the one it rules best | +2 Military Standing at start	Cannot buy Favour -- it has nothing the Court wants | -1 Capital Standing at start	
