RAV001	a war-horn raised above a mustering host, a sergeant pointing the way
RAV002	a queue of conscripts pressed into brass-plated armour at a depot
RAV003	an officer on a gun-carriage roaring at cheering ranks
RAV004	an armoured gauntlet closing on an iron collar
RAV005	cavalry riding down a barricade in a burning street
RAV006	soldiers with fixed bayonets holding an empty lamplit square
RAV007	troops hauling sacks and plate out of a smoking manor
RAV008	a crowd scattering from riders in the dark, one lantern dropped
RAV009	a scarred commander alone on a heaped battlefield at dusk
RAV010	a line of guns levelled at kneeling prisoners, no officer objecting
RAV011	a herald nailing a summons to a nobleman's door
RAV012	two soldiers clasping forearms over a drawn blade
VIP001	a wall of speaking-tubes and wires, clerks listening in the dark
VIP002	a gloved hand tipping a vial into a wine glass
VIP003	a letter held over a candle, a nobleman's face falling
VIP004	a curtain torn aside, a secret meeting caught in lamplight
VIP005	one figure with two faces reflected in facing mirrors
VIP006	a thin blade slipped from a sleeve behind a laughing guest
VIP007	a quiet clerk placing a folded note among a chamber's papers
VIP008	a forger at a lamplit desk copying a nobleman's signature
VIP009	a vast spider's web of brass threads across a city map
VIP010	one mouth, two whispered messages leaving in opposite directions
VIP011	a burned contract, ash on a clean desk, an untroubled face
VIP012	a small windowless room with one chair and one lamp
GOL001	a heavy purse pushed across a table to a hesitating hand
GOL002	rough soldiers counting coin before shouldering their rifles
GOL003	coins laid one by one beside a ballot box
GOL004	a ledger chain running from a book to a debtor's wrist
GOL005	gilded manacles on a kneeling vassal's wrists
GOL006	a vaulted counting-house, clerks at brass machines, gaslight
GOL007	a creditor's men at a debtor's door with an open ledger
GOL008	grain sacks unloaded to a starving crowd from a brass barge
GOL009	a bag of coin set on a treaty between two seated lords
GOL010	masked men carrying strongboxes out of a state treasury
GOL011	a banker's hand laying a bond on an empty throne's arm
GOL012	an auctioneer's hammer above a row of noble faces
ALD001	a herald's bell ringing in a marble hall as robed figures gather
ALD002	a seated ruler laying a hand on a kneeling rebel's head
ALD003	a hand on a heavy book, an oath sworn before witnesses
ALD004	shields locked in a gateway, defenders holding a breach
ALD005	a commoner raised on the shoulders of a cheering crowd
ALD006	a long stone wall carved with the names of oathbreakers
ALD007	a lawyer presenting a sealed claim before a tribunal
ALD008	an arbiter's hand separating two grasping claimants
ALD009	old priests in archaic vestments opening a dusty rite-book
ALD010	a sealed strongbox held by a trusted steward
ALD011	a regent seated beside an empty throne, holding the seal
ALD012	a lone figure interrupting a coronation, hand raised
WAR001	recruiting sergeants taking farmhands from a harvest field
WAR002	rank on rank of drilled infantry on a parade ground
WAR003	a declaration of war read aloud from a balcony to a silent crowd
WAR004	three banners raised together above a joint army
WAR005	a burning countryside, wells fouled, a column marching away
WAR006	an army encamped in snow, tents and brass stoves smoking
WAR007	soldiers crossing a border under a treaty flag they are tearing
WAR008	a mob with tools and rifles storming a government building
WAR009	noble children led away under guard as surety
WAR010	two exhausted armies grinding each other down in mud
POL001	a courtier bowing low, favour won in a gilded gallery
POL002	a faction gathering in a back room around a table of papers
POL003	a delegation forcing open the doors of a council chamber
POL004	an oath sworn from a public balcony before a packed square
POL005	a whispered word behind a hand at a council table
POL006	a long petition unrolled before an unmoved official
POL007	a crown and a charter displayed together under glass
POL008	a speaker pointing in accusation across a council floor
POL009	a collar struck off, a freed vassal standing upright
POL010	an empty throne, rival claimants arguing beneath it
INT001	a purse of coin passed in a dark arcade, mouths close to ears
INT002	a coin pressed into a servant's palm at a back door
INT003	an agitator handing pamphlets to workers by lamplight
INT004	a watcher at a rooftop with a brass spyglass
INT005	a forged seal pressed into hot wax
INT006	a favour called in, a reluctant nobleman receiving a caller
INT007	a poisoned cup raised at a banquet, one guest not drinking
INT008	gossip spreading through a market, heads turning
INT009	a bribed guard turning his back on an open gate
INT010	a secret sold on a bridge at night, coin for a folded paper
PRM001	a vote promised and coin counted onto the same table
PRM002	a handshake over an unpaid promise, no money in sight
PRM003	two lords sheathing swords, a quiet countryside behind them
PRM004	a signal rocket fired, an ally's army turning to march
PRM005	a tribute cart of goods arriving at a lord's gate
PRM006	a lord unlocking a vassal's chain before witnesses
PRM007	a figure with a finger to their lips beside an empty ballot box
PRM008	two houses' banners stitched into one, signed beneath
LEV001	a political marriage, two unwilling hands joined over a contract
LEV002	a hostage child handed over at a border post
LEV003	a debt bond signed, the creditor's hand still on the paper
LEV004	a secret kept in a locked box, the key on a chain
LEV005	occupying troops quartered in a taken manor house
LEV006	a lord afraid in his own hall, guards at every door
LEV007	a favour granted and quietly remembered, a nod across a room
AMB001	a standing army filling a plain to the horizon
AMB002	a treasury vault stacked to the vaulting with coin
AMB003	a crowded court hanging on one speaker's words
AMB004	two vassals kneeling either side of one seated lord
AMB005	a spotless ledger of kept oaths, every line unstruck
AMB006	a kingmaker placing a crown on another's head
AMB007	a victor wiping a blade clean after a second battle
AMB008	a hated ruler crowned before a sullen silent crowd
AMB009	a realm on fire seen from a high window
AMB010	a defeated oathbreaker on his knees, broken seals scattered
CNC001	a great council in full session, every seat taken
CNC002	claimants arguing over a succession chart
CNC003	a commoner given the floor before startled nobles
CNC004	sealed ballots dropped into a locked brass box
CNC005	a clerk reading an oath aloud, a nobleman flinching
WLD001	a failed harvest, blighted fields and empty carts
WLD002	a rich harvest, loaded wagons and a full market
WLD003	a plague street, shuttered houses, masked physicians
WLD004	a tax office stormed, records burning in the street
WLD005	mercenary companies idle on a road, offering their guns
WLD006	every debt called in at once, a hall of panicking creditors
WLD007	rebellion whispered in a servants' corridor by candlelight
CRT001	an impartial clerk recording a broken oath in a long ledger
CRT002	an audience granted, a suppliant before an empty throne
CRT003	a judge pushing away an offered purse
CRT004	a judgement handed down, a gavel and a sealed verdict
CRT005	a court withdrawing, an emptying chamber, one lamp left
THR001	a last desperate charge up the steps of a throne room
THR002	a crown bought outright, coin heaped beside it
THR003	acclamation, a crowd raising one claimant above the rest
THR004	the oath of the realm read over a contested crown
PRM009	a purse set on a treaty before it is signed, two hands waiting
PRM010	coin counted into a gloved palm beside an empty ballot box
PRM011	a small chest delivered by a clerk, receipted at a door
PRM012	an empty battlefield at dawn, banners furled, nobody come
PRM013	a man sitting deliberately still in a busy room
PRM014	one page of a ledger turned toward a rival, the rest covered
PRM015	a purse handed over as a chain is unlocked
PRM016	a hand dropping a ballot while another counts coin beneath the table
PRM017	a standing order in a ledger, the same sum entered many times
PRM018	wagons of tribute crossing a border to buy a quiet year
PRM019	two men shaking hands with nothing on the table between them
PRM020	an open empty palm offered across a table
PRM021	a seated figure with folded hands, refusing to be drawn
PRM022	a man telling a secret nobody paid for, and being doubted
PRM023	a door held open, a freed man walking out unwatched
PRM024	a word said sideways in a corridor, barely stopping
PRM025	a hand laid flat on a family crest, no money in sight
PRM026	a muster ground with the tents struck and the ground bare
PRM027	an oath read aloud from a balcony to a packed square
PRM028	a seal pressed and a chain of office handed over together
PRM029	two old men signing something neither expects to see expire
PRM030	one empty chair at a full council table
PRM031	a letter offered face down across a desk
PRM032	two hands pressing one seal into wax together
LRD001	a portrait of a stout baron at a desk of unpaid bills, rings already sold
LRD002	a portrait of a landowner before a mortgaged estate, deeds in hand
LRD003	a portrait of a castellan glancing at the door, hand near his collar
LRD004	a portrait of a widow in mourning black, watchful, a locked box beside her
LRD005	a portrait of a younger son in borrowed finery, measuring the room
LRD006	a portrait of a harbour master with ledgers and a brass telescope, ambitious
LRD007	a portrait of an old marshal in worn dress armour, medals, unbending
LRD008	a portrait of the last heir of a house beneath ancestral portraits
LRD009	a portrait of a pardoned rebel, cropped hair, a document of clemency
LRD010	a portrait of a physician with instruments, who knows what he was paid for
RAV013	two officers facing each other with sabres at dawn, seconds waiting at the treeline
RAV014	a bayonet charge breaking through smoke, a man roaring mid-stride
RAV015	scarred soldiers resting on their rifles, old medals, tired eyes
RAV016	a burning grain field, cavalry silhouetted against the flames
RAV017	riders sweeping around a ridge, an officer pointing the way with his sabre
RAV018	a square of infantry holding firm, bodies at their feet, the banner still up
RAV020	an officer reading another man's letters by lamplight
RAV021	a bound prisoner under a hanging lamp, two officers leaning in
RAV022	generals bent over a map table, iron markers and a candle burnt low
RAV024	a mailed fist set on a table, a smaller man shrinking back from it
RAV025	soldiers manning the wall of a river fort in the rain, cookfires below
RAV026	a line of prisoners marched past a clerk making entries in a ledger
RAV027	soldiers emptying a village strongbox into a waiting cart
RAV028	a wagon of looted plate and candlesticks, guards counting it off
RAV029	a captain signing a contract on a drumhead, coin stacked beside it
RAV030	chained men hauling a gun-carriage through deep mud
RAV031	soldiers carrying a merchant's goods out of his shop into the street
RAV032	an iron-bound chest thrown open in a tent, gold catching the lamplight
RAV033	a herald tearing a treaty in half on the chamber steps
RAV034	an officer holding out a pen to a defeated lord across a drumhead
RAV035	a gauntleted hand resting on a sword hilt across a council table
RAV036	uniformed men filling a council chamber, civilians pressed to the walls
RAV037	a bare sword laid across a ballot table, nobody reaching for the papers
RAV039	ranks parading past tall council windows, the chamber watching from inside
RAV041	defenders pouring back out through a breach they had lost
RAV042	a thin line of men bracing behind an overturned cart
RAV043	an officer seizing the fallen colours and turning a rout
RAV044	a man cutting down an enemy standing over a comrade's body
RAV045	a handful of men back to back in a ruined courtyard
RAV046	two families facing each other down a narrow street, weapons already drawn
RAV048	a city burning behind an advancing column
RAV050	blackened countryside under crows, one rider on the road
RAV051	a proclamation nailed to a door by an armoured hand
RAV052	an officer overruling a clerk, sweeping the papers off his desk
RAV053	a campaign map pinned with iron markers, a hand closing over it
RAV054	an army drawn up in review before an empty throne dais
RAV055	an armoured collector at a farmhouse door, ledger in hand, escort behind
RAV056	soldiers posting notices on a town wall, townsfolk reading in silence
RAV057	a warlord giving judgement from a camp chair, petitioners kneeling in the mud
RAV058	an iron gauntlet closing on a crumpled charter
RAV059	officers ranged down a stairway in descending rank, an order passing hand to hand
RAV060	a queue of men at a recruiting table stretching out of sight down the road
RAV061	a foundry casting cannon, the workers small beside the mould
RAV062	a sentry posted on every corner of an emptied square
RAV068	two exhausted armies meeting on an open plain at dusk
RAV069	a hand clamped hard on a man's shoulder in a doorway
RAV070	an empty street, shutters closing, a patrol turning the far corner
RAV071	soldiers breaking up a meeting, a table going over
RAV072	a man in the stocks in the square, a crowd made to stand and watch
RAV073	a body hanging at a crossroads, travellers looking away as they pass
RAV074	a commander standing alone as his men break and run around him
RAV075	a coiled whip on a table beside a muster roll
RAV076	a conqueror taking a city's keys on its own steps
RAV077	masked soldiers dragging a man from his house at night
RAV078	coins counted one by one into a widow's open hand
RAV079	a crown of black iron resting on a bare anvil
RAV081	a duel fought to settle a vote, the chamber watching from the windows
RAV082	soldiers casting their votes with raised sabres
RAV083	an iron ballot dropped into a brass bowl
RAV084	a council chamber divided, one whole side of it in uniform
RAV086	a common soldier carried shoulder-high through a cheering crowd
RAV087	a ragged man taking his seat among gilded lords
RAV088	a merchant pressing a purse on a reluctant officer
RAV089	a boy in worn clothes holding a heavy signet ring
RAV090	a shattered cartwheel in the road, a whole column stalled behind it
RAV091	a soldier drawing the unmarked lot from a helmet
RAV092	a man clutching a strongbox as his house burns behind him
RAV093	a lord emptying his purse to the crowd at his own gate
RAV094	a tax collector's cart overturned by villagers in the road
RAV095	a knife drawn under a cloak in a crowded hall
RAV096	an open palm offered across a table, no weapon in it
RAV097	a fist set down on a table, the other man's hand withdrawing
RAV098	an old soldier reading a list of names by candlelight
RAV099	men drinking together who once fought each other, the scars still showing
RAV100	a king in black armour on an iron throne, no courtiers anywhere
VIP006-1	a wall of pinned notes and threads in a shuttered back room
VIP007-1	a patient figure moving one piece on a board mid-game, years of notes beside it
VIP008-1	two figures talking close under a dark arch, faces turned away
VIP009-1	a cellar meeting by one candle, cloaks still wet from the street
VIP010-1	a hooded figure receiving reports from a queue of couriers
VIP011-1	a soldier cutting his own colours from his sleeve in an alley
VIP012-1	a figure on a rooftop watching a lit window across the street
VIP013	a thin blade drawn without a sound behind a curtain
VIP014	a knife left on a pillow in an empty bedroom
VIP015	a hand putting a dagger into a man's back as he embraces him
VIP016	a green glass of wine set down beside a sleeping man
VIP017	figures rising from a ditch beside a night road
VIP018	a figure dropping from a window into fog, guards a moment too late
VIP019	men in stolen uniforms setting a fire in another house's colours
VIP020	a printer pulling false broadsheets off a press by lamplight
VIP021	a marionette cross held above a council floor, strings going down
VIP022	two rivals shaking hands in a dark doorway, neither looking at the other
VIP023	a great web strung across a stairwell, one strand twitching
VIP024	a friend handing over a letter to a stranger in the rain
VIP025	a figure whipping a crowd up from a barrel in a square
VIP026	a speaker scattering pamphlets into a gathering mob
VIP027	whispers passing along a row of seated courtiers, each face changing
VIP028	a veiled figure at the back of a lit hall, unnoticed
VIP029	foreign coin counted out onto a table, the purse unmarked
VIP030	coins pressed into a gaoler's hand at a barred door
VIP031	a lantern-lit stall of unlabelled goods under a bridge
VIP032	a heavy man waiting on a debtor's doorstep at night
VIP033	bolts of silk unrolled across a counter, a hidden packet among them
VIP034	crates passed hand to hand from a boat in the dark
VIP035	a ballot dropped by a gloved hand through a curtain
VIP036	councillors moving in unison, strings rising from their shoulders
VIP037	a false claimant rehearsing before a mirror in borrowed finery
VIP038	a figure leaning to a king's ear mid-audience, the court too far to hear
VIP039	a chalk line drawn down the middle of a crowded room
VIP040	an old confidence trick reaching its last night, the mark still smiling
VIP041	two hands signing under the table while the table talks above
VIP042	a crown held out by someone standing carefully out of the light
VIP043	a watcher watching a watcher across a narrow street
VIP044	a conjuror's hands, the crowd all looking at the wrong one
VIP045	an empty cell, the shackles still closed, the window open
VIP046	a letter sealed with instructions to open it only after a death
VIP047	a gloved hand measuring drops into a decanter
VIP048	a corridor of closed doors, a murmur coming from all of them
VIP049	a figure above a stage of strings, the players small below
VIP050	a city under a moonless sky, one window lit in every street
VIP051	a throne in shadow, the occupant's face not shown
VIP052	a masked figure receiving the obedience of kneeling men
VIP053	a spymaster's desk, ciphers and open correspondence under one lamp
VIP054	a web spanning a council chamber's ceiling, everyone beneath it
VIP055	a decree with no signature nailed up at night
VIP056	a map of a city with lamps marked on it, threads between them
VIP057	a blade wiped clean on a cloth in a quiet room
VIP058	a long ledger of favours owed, going back years
VIP059	a spider at the centre of its web on a window frame
VIP060	a court where every courtier wears the same mask
VIP061	a throne room taken without a shot, the guards simply gone
VIP062	an army of figures in plain clothes filling a square
VIP063	a room of copyists producing the same rumour by the hundred
VIP064	a hand closing over a model of a city
VIP065	an empty shadowed throne with a mask resting on the seat
VIP070	a last message burned in a grate, the reader already leaving
VIP071	a veil drawn across a lit doorway
VIP072	a night that does not end, lamps failing one by one down a street
VIP073	a meeting silenced by two men standing at the back
VIP074	a debt collected in the dark at the foot of a stair
VIP075	a body left where the street will see it at dawn
VIP076	a figure refusing to break under questioning, lamp close to the face
VIP077	a long night watch in a tower window over a sleeping city
VIP078	a king of shadows seated among unlit candles
VIP079	a masked king whose court whispers rather than speaks
VIP080	a last whisper passed to a dying man's ear
VIP081	a vote counted behind a screen, the counters unseen
VIP082	a council voting with identical gestures, none of them looking up
VIP083	a chamber voting in complete silence, hands raised in the dark
VIP084	a vote decided by murmurs in the gallery, not the floor
VIP085	a crown placed on a head by hands out of frame
VIP086	an unknown speaker holding a crowd rapt from a dark stair
VIP087	a servant seated in his master's chair while the room pretends not to see
VIP088	a purse left on a doorstep with no note
VIP089	a cipher naming an heir nobody has met
VIP090	a broken loom in a shut workshop, threads everywhere
VIP091	a marked card drawn from a stacked deck
VIP092	a hoard found behind a wall after the owner's death
VIP093	a benefactor giving alms with his face covered
VIP094	a collector's ledger altered by a careful hand
VIP095	a blade concealed in a walking stick, half drawn
VIP096	an open hand offered in a dark room, the other behind the back
VIP097	a closed fist knocking a coded knock on a door
VIP098	a locked cabinet of old letters, one drawer standing open
VIP099	a fire of burning correspondence, a man watching it catch
VIP100	a king whose throne sits in complete darkness, only the hands lit
GOL006-1	laden mules on a mountain road, a factor checking his tally
GOL007-1	coins slid across a table in exchange for a sealed packet
GOL008-1	traders shouting under a board of falling figures
GOL009-1	a lender counting notes while a man stands hat in hand
GOL010-1	an enormous open ledger on a stand, two clerks turning the page
GOL011-1	a purse and a name on paper pushed across a tavern table
GOL012-1	a paymaster counting coin into soldiers' hands at a muster
GOL014	a harbour of idle ships, warehouses chained shut
GOL015	a merchant boarding a coach with a strongbox as his house is seized
GOL016	a hunter comparing a face to a printed bill in a doorway
GOL017	an officer taking a purse, his company forming up behind him
GOL018	a wheelbarrow of coin exchanged for a single loaf
GOL019	a spy paid off in a counting-house back room
GOL020	a letter held up between two fingers, the other man going pale
GOL021	a retainer weighing an offered purse against his own livery
GOL022	coin pressed into a witness's hand outside a courtroom
GOL023	a servant slipping a note to a merchant behind his master's back
GOL024	a merchant listening at the edge of a lords' conversation
GOL025	a collector and two large men at a shop door
GOL026	a banker at a great desk, petitioners seated in a row
GOL027	bolts of silk and stacked coin weighed on the same scale
GOL028	guild masters in furred robes around a long polished table
GOL029	a chest of ransom gold set before a throne
GOL030	a prosperous street, full stalls, gilded signs, crowds
GOL031	an island counting-house with no name over the door
GOL032	a map of the realm covered in trade lines and warehouse marks
GOL033	a vault door swung open on stacked bullion
GOL034	a crown weighed on a merchant's scale against coin
GOL035	a burning contract, rival warehouses dark behind it
GOL036	a coin held up where a crown should be
GOL037	purses laid quietly before each seat in a council chamber
GOL038	a gold ballot dropped into a brass bowl
GOL039	a lord's oath given with a banker's hand on his shoulder
GOL040	two merchants signing while lords wait outside the door
GOL041	a treaty bought with a chest of coin on the table
GOL042	a banker choosing between two claimants, both waiting
GOL043	a king in merchant's cloth, crowned among ledgers
GOL044	rebels paid in coin from an unmarked chest
GOL045	a larger purse set beside a smaller one on the same table
GOL046	a rival's shop sign being taken down and replaced
GOL047	a gilded shield carried by a hired guard
GOL048	a ledger closed with both columns finally equal
GOL049	a policy signed over a model ship on a desk
GOL050	a throne of gilded brass, coin heaped at its foot
GOL051	shuttered banks, a queue in the rain, a closed notice
GOL052	a merchant crowned by other merchants, no nobles present
GOL053	a king signing a debt note to a seated banker
GOL054	a golden collection plate carried through a hall of lords
GOL055	a banker overruling a clerk, sweeping papers off the desk
GOL056	a map of the realm pinned with coin instead of markers
GOL057	an army drawn up behind a paymaster's wagon
GOL058	a well-dressed collector at a farmhouse door, escort behind
GOL059	notices of new duties posted on a market wall
GOL060	guild masters seated in a ring, each with a chain of office
GOL061	a chain of gold links running from a wrist to a ledger
GOL062	men chained to a counting-house bench by golden links
GOL063	a recruiting table paying bounty coin to a long queue
GOL064	a mill and foundry running day and night, ledgers at the gate
GOL065	a hand closing over a scale model of a market square
GOL071	two counting-houses facing each other across a square, crowds between
GOL073	a run on a bank, doors barred, a crowd pressing
GOL074	a meeting bought off, the speaker paid to leave the stage
GOL075	a debtor's goods carried out into the street while neighbours watch
GOL076	a body left at a counting-house door at dawn
GOL077	a banker refusing an offer with the vault shut behind him
GOL078	empty warehouses, a broken scale, dust on the counters
GOL079	a crown of beaten gold on a merchant's scale
GOL081	a council chamber where every seat has a purse beneath it
GOL082	a gilded ballot box carried in by two clerks
GOL083	merchants voting with coin laid on the table
GOL084	a vote counted in coin rather than hands
GOL085	a banker holding two sealed votes, choosing one
GOL086	a market porter cheered onto a merchant's balcony
GOL087	an apprentice given the keys to the counting-house
GOL088	a merchant pressing a purse on a reluctant lord
GOL089	an heir found working a ledger in a back office
GOL090	a broken mill wheel, the water running past uselessly
GOL091	a lot drawn from a hat among waiting traders
GOL092	a miser dead at his desk, the coin untouched around him
GOL093	a merchant giving free bread from his own cart
GOL094	a collector's tally torn up by a market crowd
GOL095	a knife under the counter, a hand resting near it
GOL096	an open hand across a counter, the goods already given
GOL097	a fist closed over coin, the other man empty-handed
GOL098	a debt book going back generations, one name circled
GOL099	a debt forgiven, the page torn out and handed over
GOL100	a king seated on stacked bullion, wearing a merchant's chain
ALD006-1	a knight kneeling to renew an oath before a carved seal
ALD007-1	overlapping shields locked across a marble stair
ALD008-1	two old banners hung crossed above a long empty table
ALD009-1	a column marching under a plain white banner, chaplains walking with them
ALD010-1	a guard still at his post beside a tomb effigy
ALD011-1	two lords made to clasp hands beneath a raised royal seal
ALD012-1	a commoner given the floor of a marble chamber, lords listening
ALD013	a lord stepping in front of a blade meant for another
ALD014	banners of every house raised together on one stair
ALD015	an armoured figure standing watch over a sleeping household
ALD016	a sentry on a high wall at dawn, frost on the stone
ALD017	a speaker on the chamber steps, the crowd leaning in
ALD018	a young claimant presented with an ancient sword before the assembly
ALD019	a sword lowered from a kneeling prisoner's neck
ALD020	a crown lifted above a bowed head in a pillared hall
ALD021	a witness speaking plainly while the powerful sit still
ALD022	a judge handing down sentence to a lord, the court standing
ALD023	a petition of many hands carried into the chamber
ALD024	robed watchers seated around a sealed door through the night
ALD025	a nobleman shouldering a peasant's burden on a road
ALD026	a line of guards standing between soldiers and townspeople
ALD027	a clerk taking the same tithe from lord and farmer alike
ALD028	grain distributed from royal stores to a queue in the square
ALD029	a contract read aloud to both parties before witnesses
ALD030	a public chest opened before the crowd that filled it
ALD031	a tenth of a harvest measured out at a church door
ALD032	the realm's treasury counted openly before the council
ALD033	the full assembly taking their seats under tall windows
ALD034	an empty throne with a black cloth laid across it
ALD035	a ballot dropped by a hand nobody in the chamber can see
ALD036	councillors moving in unison, a strings-cross above them
ALD038	a chamber split down the middle, two speakers standing at once
ALD039	a raised hand stopping a vote, the chamber turning to look
ALD040	purses under the council benches, the vote proceeding above
ALD041	a child presented to the assembly with the old regalia
ALD042	a herald reading the king's words to a silent chamber
ALD043	a lord rising to answer, papers in hand, the chamber turning
ALD044	a shield with no device but a single carved word
ALD045	guards forming a ring around a crowd rather than facing it
ALD046	an oath sworn on a book held by two witnesses
ALD047	a pardon read out at a scaffold, the crowd exhaling
ALD048	an old lord speaking last in a chamber that has gone quiet
ALD049	a claimant recognised by the assembly rising to his feet
ALD050	every banner of the realm carried in a single procession
ALD051	a coronation in a packed pillared hall, oil and crown ready
ALD052	two kings signing a peace with their courts behind them
ALD053	a market running peacefully under a royal seal on the wall
ALD054	a chancellor overruling a clerk, sweeping the papers aside
ALD055	a map of the realm laid out and pinned with seals
ALD056	an army drawn up in review before a crowned figure
ALD057	a plainly dressed collector at a farmhouse door with witnesses
ALD058	a herald reading martial law from the chamber steps
ALD059	a crowd filling the square outside the chamber windows
ALD060	a court standing as one when their king enters
ALD061	a chain of office passed from one pair of hands to the next
ALD062	a recruiting table with the muster roll read aloud
ALD063	a foundry working under a royal seal, inspectors present
ALD064	a hand closing over a model of the realm's capital
ALD065	a crown lowered onto a bowed head, the hall packed to the walls
ALD070	the last ballot dropped, the chamber holding its breath
ALD071	a king staying the executioner's hand himself
ALD072	the chamber emptying as one lord speaks
ALD073	guards closing a meeting hall's doors from the outside
ALD074	a lord stripped of his chain before the assembly
ALD075	an offender's arms broken on the chamber steps as the court watches
ALD076	a judge refusing a bribe with the court looking on
ALD077	shield walls of different houses closing into one line
ALD078	a plain gold crown on a velvet cushion
ALD080	a commoner in borrowed armour leading a charge
ALD081	the assembly convened at short notice, seats still filling
ALD082	townspeople voting in the square with raised hands
ALD083	lords voting together without hesitation
ALD084	a vote taken under the old regalia set on the table
ALD085	a king pointing to one of two claimants before the court
ALD086	a commoner chaired through the chamber doors by the crowd
ALD087	a squire seated among lords and not asked to leave
ALD088	a merchant laying a gift before the assembly
ALD089	an heir found in a village, the old seal matching
ALD090	a broken wheel on a state coach, the procession halted
ALD091	a lot drawn from the old regalia helm
ALD092	a hoard found in a dead lord's walls, the tenants hungry
ALD093	a lord distributing his own stores at his gate
ALD094	a collector's tally checked and corrected before witnesses
ALD095	a blade found beneath a councillor's robe at the door
ALD096	an open hand extended to a defeated rival before the court
ALD097	a closed fist struck on the chamber rail
ALD098	a roll of old grievances read out in full to the assembly
ALD099	an old feud set aside with a handshake before witnesses
ALD100	a king crowned by common hands rather than noble ones
POL001-1	a crowded quay of unloading ships, clerks tallying at every gangplank
POL002-1	a collector at a cottage door with an escort and a ledger
POL003-1	a purse slid across a chamber bench between two seated men
POL004-1	hired soldiers waiting in a courtyard while terms are agreed above
POL005-1	coin pressed into a councillor's hand as the doors open
POL006-1	a debtor signing away his lands, the lender already rolling the deed
POL007-1	gilded shackles closed on a willing man's wrists
POL008-1	laden wagons on a road between two walled towns
POL009-1	a sealed packet exchanged for coin in a doorway
POL010-1	traders staring up at a board of falling figures
POL011	a lender's table in a back room, a queue of anxious men
POL012	clerks turning the pages of an enormous standing ledger
POL013	silk and coin heaped on the same set of scales
POL014	guild masters in furred robes around a polished table
POL015	a chest of ransom gold carried into a throne room
POL016	a prosperous street under gaslight, every stall full
POL017	a quiet counting-house with no sign above its door
POL018	a wall map strung with trade lines to every coast
POL019	a vault door standing open on stacked bullion
POL020	a crown set on a merchant's scale against coin
POL021	the assembly filling its benches under tall windows
POL022	an empty throne with a black cloth laid across it
POL023	a false claimant rehearsing his bearing before a mirror
POL024	a ballot dropped by a gloved hand through a curtain
POL025	councillors moving together, a marionette cross above them
POL026	a crowd's chosen man walking the length of the chamber floor
POL027	a chamber split in two, both sides on their feet
POL028	a single raised hand halting a vote mid-count
POL029	purses beneath every bench as the count proceeds
POL030	a child presented to the assembly with the old regalia
POL031	a herald reading a king's words to a silent chamber
POL032	a petition of a thousand hands carried up the chamber steps
POL033	lords voting from the upper benches, robes and chains
POL034	townspeople voting in the square outside the chamber
POL035	a chamber voting with no sound at all, hands raised in gloom
POL036	a vote taken by open show of hands under bright windows
POL037	one man dropping two ballots into the bowl
POL038	a spilled ballot bowl, papers across the chamber floor
POL039	a crown held out by hands that stay out of the light
POL040	a crown lowered onto a bowed head in a packed hall
POL041	an oath sworn with a hand on a book held by witnesses
POL042	two men signing beneath a table while the table talks above
POL043	two rivals clasping hands in an unlit doorway
POL044	two old banners hung crossed above an empty table
POL045	a torn oath-paper dropped on a chamber floor
POL046	a friend handing a sealed letter to a stranger in the rain
POL047	two houses' banners joined above a wedding table
POL048	a cut palm pressed to another above a signed page
POL049	two hands clasped across a table, witnesses either side
POL050	a signed and sealed page held up to a chamber
POL051	a coded grip exchanged in a crowded corridor
POL052	a man leaving one meeting and entering another by a back stair
POL053	men in stolen colours setting a fire that will be blamed elsewhere
POL054	a long confidence played to its last night, the mark still smiling
POL055	a snapped chain of office on a stone floor
POL056	new banners raised together over a chamber door
POL057	every house's banner carried into one hall at once
POL058	rival lords seated shoulder to shoulder on one bench
POL059	two kings signing peace with their courts ranged behind
POL060	banners being taken down and carried out separately
POL061	a column marching under a plain white banner
POL062	the realm's banners raised together on a single stair
POL063	a knight kneeling to renew an oath before a carved seal
POL064	a common man carried shoulder-high through the chamber doors
POL065	a young claimant given an ancient sword before the assembly
POL066	a claimant recognised by the assembly getting to his feet
POL067	oil and crown made ready in a pillared hall
POL068	a blade lowered from a kneeling prisoner's neck
POL069	a pardon read aloud at a scaffold, the crowd exhaling
POL070	a king staying the executioner's hand with his own
POL071	a judge sentencing a lord while the court stands
POL072	a market running peacefully beneath a royal seal
POL073	grain given out from royal stores to a queue in the square
POL074	lists and pavilions, knights riding at the barrier
POL075	two houses' banners above a wedding feast in a great hall
POL076	a masked revel in the chamber, a fool in the speaker's chair
POL077	an empty chamber at night, one candle still burning
POL078	the chamber doors thrown open, commoners in the gallery
POL079	a treaty torn in half on the chamber steps
POL080	new allies signing at a table still set for enemies
POL081	the assembly convened at short notice, benches filling fast
POL082	a lord on his feet putting a motion to the chamber
POL083	a decree read from the steps and nailed to the door
POL084	a raised hand stopping the chamber mid-count
POL085	a lord speaking on and on as the candles burn down
POL086	an usher counting heads at the chamber door
POL087	a handful of lords alone on one side of a wide floor
POL088	a great weight of raised hands on one side of the chamber
POL089	every hand in the chamber raised together
POL090	a coin spinning on a council table, the chamber watching it
POL091	dice thrown on a council table to settle a tied vote
POL092	a king pointing to one of two claimants before the court
POL093	a crowd's roar carrying their man through the chamber doors
POL094	a council meeting by one candle behind a locked door
POL095	a chamber emptied of clerks, the doors barred from inside
POL096	the chamber in full daylight, galleries packed with onlookers
POL097	a chamber where every seat has a purse beneath it
POL098	overturned benches and scattered papers in an empty chamber
POL099	the greatest assembly in memory, galleries and floor both full
POL100	the last session, the doors being closed behind the members
INT001-1	a knife left on a pillow in an empty bedroom
INT002-1	a gloved hand measuring drops into a decanter
INT003-1	a thin blade drawn without a sound behind a curtain
INT004-1	a cord taken from a sleeve in a dark stairwell
INT005-1	a man wasting in a fine bed, a physician shaking his head
INT006-1	a purse and a folded name handed over a tavern table
INT007-1	a green glass set down beside a sleeping man
INT008-1	two hands closing on a cord in a doorway
INT009-1	dark berries crushed in a mortar by lamplight
INT010-1	a body found in a chair by morning light, nothing disturbed
INT011	blood spreading across polished boards in a lit hall
INT012	hooded figures around a table with a single candle and a list
INT013	two knives crossed on a black cloth
INT014	a blade finishing a stroke, the room otherwise still
INT015	a man growing weaker at his own table night after night
INT016	a red serpent coiled on a stone step
INT017	a figure whose face is turned into shadow under a lamp
INT018	a figure climbing a wall towards a lit window
INT019	a hand over a mouth in a darkened corridor
INT020	a candle going out beside a still figure
INT021	a word passed behind a fan in a crowded hall
INT022	a letter held up between two fingers, a man going pale
INT023	documents thrown down on a council table, the chamber rising
INT024	pinned notes and threads filling a shuttered room
INT025	a servant passing a note behind his master's back
INT026	a great web strung across a stairwell
INT027	a hooded figure taking reports from a line of couriers
INT028	one piece moved on a board mid-game, years of notes beside it
INT029	a witness speaking plainly while the powerful sit very still
INT030	a printer pulling false sheets from a press by lamplight
INT031	a room of copyists producing the same rumour by the hundred
INT032	whispers passing down a row of courtiers, each face changing
INT033	a veiled figure at the back of a lit hall, unremarked
INT034	a man leaving one meeting and entering another by a back stair
INT035	a broken man signing a page under a hanging lamp
INT036	a prisoner under a low lamp, two questioners leaning in
INT037	coins pressed into a gaoler's hand at a barred door
INT038	a private ledger of favours owed, going back years
INT039	a blade concealed in a walking stick, half drawn
INT040	a man entering a room where everyone stops speaking
INT041	two figures talking close under a dark arch
INT042	a cellar meeting by one candle, cloaks still dripping
INT043	a figure working a crowd up from a barrel in a square
INT044	a speaker scattering pamphlets into a gathering mob
INT045	a city map with lamps marked on it and threads between them
INT046	a crowd speaking with one voice outside a barred gate
INT047	a single torch touched to a heaped pyre in a square
INT048	a speaker on a cart with the crowd already shouting back
INT049	a call chalked on a wall overnight, people reading at dawn
INT050	a snapped chain lying in a workshop doorway
INT051	a man walking out of an open cell into daylight
INT052	a crowd carrying a gate off its hinges
INT053	a whole quarter with its lamps put out at the same hour
INT054	a common man carried shoulder-high through a crowd
INT055	a body carried through the streets under a plain banner
INT056	a crowd at the moment it turns, the front rank already moving
INT057	a bell rung from a tower over a waking city
INT058	a city square filled end to end with raised arms
INT059	a hammer brought down on a shackle on an anvil
INT060	an open gate, the guardhouse empty, people walking through
INT061	a marionette cross held above a floor, strings going down
INT062	two rivals clasping hands in an unlit doorway
INT063	a friend handing a letter to a stranger in the rain
INT064	men in stolen colours setting a fire in another house's name
INT065	false broadsheets stacked and still wet from the press
INT066	a long confidence reaching its last night, the mark still smiling
INT067	two hands signing under a table while the table talks above
INT068	a crown held out by hands that stay out of the light
INT069	a soldier cutting his own colours from his sleeve in an alley
INT070	a man betraying the man who hired him to betray another
INT071	a mouth close to an ear in a crowded hall
INT072	a conjuror's hands, the crowd watching the wrong one
INT073	an ordinary clerk at an ordinary desk, one drawer locked
INT074	the same clerk standing, coat on, the drawer now open and empty
INT075	a torn oath-paper dropped on a stone floor
INT076	a beautifully wrapped gift with a stain spreading beneath it
INT077	two men drinking together, one watching the other's cup
INT078	a night that will not end, lamps failing one by one
INT079	a king of shadows seated among unlit candles
INT080	a masked king whose court whispers instead of speaking
INT081	a thinning mist in a graveyard at dusk, shapes half seen
INT082	a raven landing on a windowsill with a thread at its leg
INT083	a distant light on a dark moor, a figure walking to it
INT084	a pact signed at a crossroads by two lanterns
INT085	a whisper heard in an empty room, a candle guttering
INT086	hands joined around a table, one chair empty
INT087	a house with one window lit that nobody lives in
INT088	breath showing in a warm room, frost on the inside of the glass
INT089	ranks of dim figures on a hillside in fog
INT090	a pale shape standing between a sleeper and the door
INT091	a portrait turned to face the room, a figure seated before it
INT092	a letter never sent, still sealed on a dusty desk
INT094	a tear of pale light opening in the air of a hall
INT095	hands pushing up from turned earth in a churchyard
INT096	a grave filled in and marked for the second time
INT097	a figure over a circle of candles and bones in a cellar
INT098	a crowd's chosen man walking the length of a chamber floor
INT100	a sky of falling ash over a city with its bells all ringing
WAR003-1	two patrols meeting at a boundary stone, weapons already up
WAR005-1	two officers with sabres at dawn, seconds waiting at the treeline
WAR006-1	a bayonet charge breaking through smoke
WAR007-1	riders sweeping around a ridge, an officer pointing with his sabre
WAR008-1	figures rising out of a ditch beside a night road
WAR009-1	defenders pouring back out through a breach
WAR011	soldiers carrying goods out of a burning village
WAR012	riders galloping out of a settlement at dawn with laden horses
WAR013	a siege camp in the mud, guns dug in, a wall unbroken beyond
WAR014	a ladder going up a dark wall, hooded lanterns below
WAR015	infantry advancing out of ground mist at first light
WAR016	a line breaking and running, the enemy following too eagerly
WAR017	a ring of campfires closed entirely around a dark hill
WAR018	a column pouring through a broken gate
WAR019	the last cavalry going forward at a walk, then a trot
WAR020	two exhausted armies meeting on an open plain at dusk
WAR021	a war-horn raised above a gathering host
WAR022	a captain signing terms on a drumhead, coin stacked beside it
WAR023	a queue of conscripts pressed into brass-plated armour
WAR025	an officer on a gun-carriage roaring at cheering ranks
WAR026	scarred soldiers resting on their rifles, old medals
WAR027	generals over a map table, markers and a guttering candle
WAR028	soldiers manning a river fort's wall in the rain
WAR029	grey-haired soldiers standing in perfect line
WAR030	boys in oversized coats being shown how to hold a musket
WAR031	barracks ranks drilling on a parade square at dawn
WAR032	a village muster, farm tools and a few real weapons
WAR033	townsmen in aprons formed up with pikes in a market square
WAR034	armoured horse at full gallop, lances coming down
WAR035	archers loosing together, the sky darkening with shafts
WAR036	infantry formed in square, bayonets out on all four sides
WAR037	cavalry curling around the end of a line
WAR039	an armoured elephant with a brass howdah wading through a line
WAR040	a great winged shape over a burning field, men scattering
WAR044	a throne of welded blades and iron plate
WAR046	a city burning behind an advancing column
WAR047	blackened countryside under crows, one rider on the road
WAR048	an iron gauntlet closing on a crumpled charter
WAR049	soldiers riding down a crowd in a narrow street
WAR050	notices posted on a town wall, a patrol standing by
WAR051	soldiers billeted in a town square, townsfolk keeping to the walls
WAR052	a garrison flag raised over a taken gatehouse
WAR053	a burnt village being rebuilt under armed supervision
WAR054	doors broken in along a street at dawn
WAR055	a list of names read out, men taken from a formed rank
WAR056	a man walking away down a long road, the gate shutting behind him
WAR057	a firing party at dawn in a bare courtyard
WAR058	a stone stair going down past barred doors
WAR059	a gallows standing alone at a crossroads
WAR060	a levy taken in sons rather than coin, mothers at the cart
WAR061	overlapping shields locked across a stone stair
WAR062	a thin line bracing behind an overturned cart
WAR063	a handful of men back to back in a ruined courtyard
WAR064	two lords made to clasp hands beneath a raised royal seal
WAR065	a trench line with guns sited along it, wire before it
WAR068	a drawbridge coming up as riders reach the far bank
WAR069	archers at narrow slits, arrows going out into smoke
WAR070	a cauldron tipped from a parapet onto ladders
WAR071	figures below seen through holes in a gate passage ceiling
WAR072	an iron portcullis dropping into its slots
WAR073	defenders crowding an earth rampart under fire
WAR074	a stone tower on a headland with a watchman on top
WAR075	a signal fire lit on a hilltop, others answering into the distance
WAR076	a relief column coming over a ridge into view of a besieged wall
WAR077	a burning grain field, cavalry black against the flames
WAR078	figures firing from a wood at a column on a road
WAR079	a column struggling through deep snow, men falling out
WAR081	a general on horseback watching a field through a glass
WAR082	an officer moving blocks on a sand table
WAR083	a lone figure over a map by candlelight, the army asleep
WAR084	a warlord giving judgement from a camp chair
WAR085	a weathered soldier cleaning his weapon without looking at it
WAR086	a young man being handed a coat that does not fit
WAR087	an armoured rider with lance and closed helm
WAR088	a boy holding a knight's horse and shield
WAR089	an archer drawing to the ear, eyes on the distance
WAR090	a crossbowman winding his weapon behind a pavise
WAR091	a pikeman bracing his butt-spike into the ground
WAR092	a swordsman on guard, blade low, feet set
WAR093	an axeman bringing a great axe back over his shoulder
WAR094	a spearman in a line of levelled spears
WAR096	a lone rider on a ridge at first light, looking down
WAR097	a figure in civilian clothes counting tents from a hedgerow
WAR098	a figure on a rooftop watching a lit window
WAR099	a large man standing at a lord's shoulder, watching the room
WAR100	a crowned figure in armour at the head of an army
CMB001	riders sweeping wide around the end of a line
CMB002	a bayonet charge through smoke, a man roaring mid-stride
CMB003	figures rising from a ditch beside a night road
CMB004	the last cavalry going forward at a walk, then a trot
CMB005	a column pouring through a broken gate
CMB006	a ladder going up a dark wall, hooded lanterns below
CMB007	infantry advancing out of ground mist at first light
CMB008	a ring of campfires closed around a dark hill
CMB009	armoured horse at full gallop, lances coming down
CMB010	archers loosing together, the sky darkening with shafts
CMB011	infantry formed in square, bayonets out on every side
CMB012	cavalry curling around the flank of a line
CMB013	overlapping shields locked across a stone stair
CMB014	a thin line bracing behind an overturned cart
CMB015	a handful of men back to back in a ruined courtyard
CMB018	a drawbridge rising as riders reach the bank
CMB019	arrows going out through narrow slits into smoke
CMB020	a cauldron tipped from a parapet onto ladders
CMB021	an iron portcullis dropping into its slots
CMB022	defenders crowding an earth rampart under fire
CMB023	a relief column cresting a ridge above a besieged wall
CMB025	a line breaking and running, the enemy following too eagerly
CMB026	a soldier cutting his colours from his sleeve mid-battle
CMB027	a blade drawn through a dark oil before a fight
CMB028	a conjuror's hands, the crowd watching the wrong one
CMB029	a man betraying the man who hired him to betray another
CMB030	a mouth close to an ear in a crowded hall
CMB031	men in stolen colours setting a fire in another house's name
CMB032	an ordinary soldier in the ranks with one locked pack
CMB033	a torn oath-paper trodden into the mud of a field
CMB034	a wrapped gift with a stain spreading beneath it
CMB035	a line formed along a ridge, the enemy having to climb
CMB036	fighting among close trees, ranks broken by trunks
CMB037	men fighting waist-deep at a ford
CMB038	a column strung out through a narrow pass
CMB039	two lines facing each other across bare open ground
CMB041	fighting between cottages, a street barricaded with carts
CMB042	fighting through a broken abbey, arches and rubble
CMB043	defenders pouring back out through a breach
CMB044	a long confidence reaching its last night, the mark still smiling
CMB045	a man leaving one camp and entering another by night
CMB046	a snapped chain lying in a doorway
CMB047	new banners raised together above a camp
CMB048	every house's banner carried into one camp at once
CMB049	rival commanders sharing one map table
CMB050	two exhausted armies meeting on an open plain at dusk
WE001	a failed field of blackened stalks, a farmer standing in it
WE002	a king grey in a great bed, physicians conferring at the door
WE003	patrols meeting at a boundary stone, weapons coming up
WE004	courtiers along a gallery wall, every one of them murmuring
WE005	a marked door, a cart in the street, figures in beaked masks
WE006	a crowd carrying a gate off its hinges
WE007	a frozen river and a shut town, smoke from too few chimneys
WE008	old standing stones with fresh offerings at their feet
WE009	a crowded quay, ships unloading, clerks tallying at every plank
WE010	drums beaten along a road as columns move behind them
WE011	lists and pavilions, knights riding at the barrier
WE012	hooded figures around a table with one candle and a list
WE013	a council meeting by one candle behind a locked door
WE014	two kings signing peace with their courts ranged behind
WE015	carts heaped with grain coming into a full market square
WE016	two houses' banners above a wedding feast in a great hall
WE017	riders galloping out of a settlement at dawn with laden horses
WE018	a masked revel in the chamber, a fool in the speaker's chair
WE019	pinned notes and threads filling a shuttered room
WE020	companies for hire drawn up in a field, captains taking offers
WE021	an empty chamber at night, one candle still burning
WE022	the chamber doors thrown open, commoners in the gallery
WE023	a treaty torn in half on the chamber steps
WE024	new banners raised together over a chamber door
WE025	a stone stair going down past barred doors, one standing open
WE026	a judge sentencing a lord while the court stands
WE027	a common man carried shoulder-high through a crowd
WE028	a ragged man taking his seat among gilded lords
WE029	a merchant pressing a purse on a reluctant lord
WE030	a boy in worn clothes holding a heavy signet ring
WE031	a shattered cartwheel in a road, a column stalled behind it
WE032	a lot drawn from a helm among waiting men
WE033	a man clutching a strongbox as his house burns behind him
WE034	a lord emptying his purse to the crowd at his gate
WE035	a collector at a farmhouse door, ledger in hand, escort behind
WE036	a knife drawn under a cloak in a crowded hall
WE037	an open palm offered across a table, no weapon in it
WE038	a fist set down on a table, the other hand withdrawing
WE039	an old man reading a list of names by candlelight
WE040	old enemies drinking together, the scars still showing
WE041	the assembly filling its benches under tall windows
WE042	a raven landing on a sill with a thread at its leg
WE043	a thinning mist in a graveyard at dusk, shapes half seen
WE044	a king laughing alone in an empty throne room
WE045	foreign sails filling a horizon seen from a cliff
WE046	a city square filled end to end with raised arms
WE047	an empty throne with a black cloth laid across it
WE048	a ballot dropped by a hand nobody can see
WE049	a vote taken by open show of hands under bright windows
WE050	a chamber where every seat has a purse beneath it
WE051	a crowd's chosen man walking the length of the chamber floor
WE052	councillors moving in unison, a strings-cross above them
WE053	a chamber split in two, both sides on their feet
WE054	a child presented to the assembly with the old regalia
WE055	a false claimant rehearsing his bearing before a mirror
WE056	a crown broken in two on a stone floor
WE057	a throne of welded blades and iron plate
WE058	a throne of gilded brass with coin heaped at its foot
WE059	a throne in deep shadow, the occupant unseen
WE060	an empty throne in a hall with the doors standing open
WE061	two collectors at the same door on the same day
WE063	a debt page torn out of a book and handed over
WE064	a lender's men waiting on a debtor's step at night
WE065	a palace changing hands overnight, the guards simply gone
WE066	a city under a sky gone brown at midday
WE067	a street cracked open, a tower leaning over it
WE068	water in the streets to the first-floor windows
WE069	a red comet low over rooftops, people on the roofs watching
WE070	lamps failing one by one down a whole street
WE071	a drowned city seen through clear water, towers still standing
WE072	a great winged shape over a burning field, men scattering
WE073	a city buried to the eaves in snow, one path dug through
WE074	three crowned bodies laid out in a row, physicians masked
WE075	a crowd turning on itself in a square, no clear cause
WE076	a sky split from horizon to horizon, light coming through
WE077	empty temples, offerings rotting where they were left
WE078	a red moon over a still city, dogs in the streets
WE079	a sunrise watched by an entire city from its roofs and walls
WE080	a sky of falling ash over a city with its bells all ringing
GHO001	a whisper heard in an empty room, a candle guttering
GHO002	a portrait turned to face the room, a figure seated before it
GHO003	breath showing in a warm room, frost inside the glass
GHO004	a figure seeing a second figure that casts no shadow
GHO005	a pale mouth close to a sleeper's ear
GHO006	a pale shape standing between a sleeper and the door
GHO007	a house with one window lit that nobody lives in
GHO009	an old woman naming the dead to an empty room
GHO010	a distant light on a dark moor, a figure walking to it
GHO011	a letter never sent, still sealed on a dusty desk
GHO013	ranks of dim figures on a hillside in fog
GHO014	a thinning mist in a graveyard at dusk, shapes half seen
GHO015	a raven landing on a sill with a thread at its leg
GHO016	a pact signed at a crossroads by two lanterns
GHO017	a voice from a chair that is visibly empty
GHO018	hands joined around a table, one chair empty
GHO019	a room where the fire burns and gives no heat
GHO020	an army of translucent figures crossing a field without sound
GHO021	a pale guardian at the foot of a bed, hand raised
GHO022	a family portrait with one painted figure turned outward
GHO023	a workbench with a task half done and dust over all of it
GHO025	a tear of pale light opening in the air of a hall
GHO026	hands pushing up from turned earth in a churchyard
GHO027	a grave filled in and marked for the second time
GHO028	a figure over a circle of candles and bones in a cellar
GHO029	a crowd's chosen man walking a chamber floor, half transparent
GHO031	a sky of falling ash over a city with its bells all ringing
GHO032	a figure at a window seen from the street, always there
GHO033	a cold hand laid on a shoulder, the owner not turning round
GHO034	a chair at a full table that nobody will sit in
GHO035	a cracked mirror showing a room that is not the room
GHO036	a shadow on a wall with nothing standing to cast it
GHO037	a word spoken in a sealed room, the dust moving with it
GHO038	a spreading frost across a floor from a closed door
GHO040	a figure walking in through a door that was locked
COU001	the assembly taking their seats under tall windows
COU002	an empty throne with a black cloth laid across it
COU003	a false claimant rehearsing his bearing before a mirror
COU004	a ballot dropped by a gloved hand through a curtain
COU005	councillors moving in unison, a marionette cross above them
COU006	a crowd's chosen man walking the length of the chamber floor
COU007	a chamber split down the middle, both sides standing
COU008	a raised hand halting a vote mid-count
COU009	purses beneath every bench as the count proceeds
COU010	a child presented to the assembly with the old regalia
COU011	a herald reading a king's words to a silent chamber
COU012	a petition of a thousand hands carried up the chamber steps
COU013	lords voting from the upper benches, robes and chains
COU014	townspeople voting in the square outside the chamber
COU015	a chamber voting in silence, hands raised in the gloom
COU016	a vote by open show of hands under bright windows
COU017	one man dropping two ballots into the bowl
COU018	a spilled ballot bowl, papers across the chamber floor
COU019	a crown held out by hands that stay out of the light
COU020	a crown lowered onto a bowed head in a packed hall
COU021	a lord on his feet putting a motion to the chamber
COU022	a decree read from the steps and nailed to the door
COU023	a lord speaking on and on as the candles burn down
COU024	an usher counting heads at the chamber door
COU025	a handful of lords alone on one side of a wide floor
COU026	a great weight of raised hands on one side of the chamber
COU027	every hand in the chamber raised together
COU028	a king pointing to one of two claimants before the court
COU030	the last session, the doors being closed behind the members
RES001	a man thought dead walking into a lit hall, the court turning
RES002	a maimed claimant on his feet, leaning on two attendants
RES003	a crowned figure with strings at his wrists, court applauding
RES004	a mob under a banner bearing a face, the man himself absent
RES005	a name being chiselled back onto a defaced monument
RES006	a survivor returning with a list and a blade
RES007	a king re-entering his own throne room through the main doors
RES008	a grave filled in and marked for the second time
RES009	a false claimant rehearsing his bearing before a mirror
RES010	a king too heavy for his throne, the frame splitting under him
RES011	a crown broken in two on a stone floor
RES012	a king crowned by common hands rather than noble ones
RES013	a king of shadows seated among unlit candles
RES014	a king in black armour on an iron throne, no courtiers
RES015	a king seated on stacked bullion, wearing a merchant's chain
RES016	a crowned corpse propped upright on a throne, court in attendance
RES017	two crowned men on one dais, neither looking at the other
RES018	an empty throne room with the doors open and nobody guarding it
RES019	a levy taken in sons rather than coin, mothers at the cart
RES020	a golden collection plate carried down a hall of lords
RES021	a queue of people signing a page they cannot read
RES022	a court turning as one on the man at its centre
RES023	a throne room taken without a shot, the guards simply gone
RES024	a throne room stormed in daylight, doors down, banners falling
RES025	a throne bought outright, coin still stacked on the dais steps
RES026	a crowd carrying a common man up the throne room steps
RES027	a sky of falling ash over a city with all its bells ringing
RES028	a sunrise watched by an entire city from its roofs and walls
RES029	a shattered cartwheel in a road, a stalled column behind it
INS001	a foreign envoy presenting credentials in a cold hall
INS002	a speaker scattering pamphlets into a gathering mob
INS003	foreign coin counted onto a table from an unmarked purse
INS004	a city map with lamps marked on it and threads between them
INS005	documents thrown down on a council table, the chamber rising
INS006	a watcher watching a watcher across a narrow street
INS007	men in stolen colours setting a fire in another house's name
INS008	a long confidence reaching its last night, the mark still smiling
INS009	an ordinary clerk at an ordinary desk, one drawer locked
INS010	the same clerk standing, coat on, the drawer open and empty
INS011	a torn oath-paper dropped on a stone floor
INS012	a wrapped gift with a stain spreading beneath it
INS013	two men drinking together, one watching the other's cup
INS014	lamps failing one by one down a whole street
INS015	a king of shadows seated among unlit candles
INS016	a masked king whose court whispers instead of speaking
INS017	a thinning mist in a graveyard at dusk, shapes half seen
INS018	a raven landing on a sill with a thread at its leg
INS019	a distant light on a dark moor, a figure walking towards it
INS020	a pact signed at a crossroads by two lanterns
INS021	a voice from a chair that is visibly empty
INS022	hands joined around a table, one chair empty
INS023	a house with one window lit that nobody lives in
INS024	breath showing in a warm room, frost inside the glass
INS025	ranks of dim figures on a hillside in fog
INS026	a pale shape standing between a sleeper and the door
INS027	a portrait turned to face the room, a figure seated before it
INS028	a letter never sent, still sealed on a dusty desk
INS030	a tear of pale light opening in the air of a hall
CAT001	a city square filled end to end with raised arms
CAT002	lamps failing one by one down a whole street
CAT003	an overturned wedding feast, the hall doors barred from outside
CAT004	a great winged shape over a burning field, men scattering
CAT006	a marked door, a cart in the street, figures in beaked masks
CAT007	a city buried to the eaves in snow, one path dug through
CAT008	a king laughing alone in an empty throne room
CAT009	a crown broken in two on a stone floor
CAT010	an empty throne in a hall with the doors standing open
CAT011	a king of shadows seated among unlit candles
CAT012	a king crowned by common hands rather than noble ones
CAT013	a king seated on stacked bullion in a merchant's chain
CAT014	a king in black armour on an iron throne, no courtiers
CAT015	a crowned corpse propped upright on a throne
CAT016	two crowned men on one dais, neither looking at the other
CAT017	an empty throne room, doors open, nobody guarding it
CAT018	a levy taken in sons rather than coin, mothers at the cart
CAT019	a golden collection plate carried down a hall of lords
CAT020	a queue of people signing a page they cannot read
CAT021	a court turning as one on the man at its centre
CAT022	a throne room taken without a shot, the guards simply gone
CAT023	a throne room stormed in daylight, doors down, banners falling
CAT024	a throne bought outright, coin stacked on the dais steps
CAT025	a crowd carrying a common man up the throne room steps
CAT026	a sky of falling ash over a city with all its bells ringing
CAT027	a sunrise watched by a whole city from its roofs and walls
CAT028	a shattered cartwheel in a road, a stalled column behind it
CAT030	one crowned figure left standing in a ruined hall
GAU001	a war camp at night seen from the perimeter, fires in rows
GAU002	a council chamber empty of people, benches and tall windows
GAU003	a throne room seen from the doors, the length of it to the dais
GAU004	a curved gallery where a whisper carries the whole way round
GAU005	a vault of stacked bullion behind an open iron door
GAU006	racked weapons and armour in a long cold hall
GAU007	a great hall set for a feast with nobody seated
GAU008	a stone stair going down past barred doors
GAU009	a tower loft of ravens and message cylinders
GAU010	a stair that goes down into darkness with no bottom visible
GAU013	a road dividing at a standing stone, two ways into mist
GAU015	a locked iron gate with no keyhole on this side
GAU016	an armoured figure barring a doorway, weapon grounded
GAU017	a carved riddle on a sealed door, a figure reading it
GAU018	a lone figure standing before a bench of masked judges
GAU019	a verdict read to a standing court, the accused unmoving
GAU020	a firing party at dawn in a bare courtyard
GAU021	a pardon read at a scaffold, the crowd exhaling
GAU022	a crown lowered onto a bowed head in a packed hall
GAU023	a man taking a throne while its holder is dragged out
GAU024	a child presented to the assembly with the old regalia
GAU025	a false claimant rehearsing his bearing before a mirror
GAU026	a figure alone before a last door, nothing behind him
GAU027	a final gate standing open with light beyond it
GAU028	a throne seen close, worn smooth by use
GAU029	a crown on a bare stone, no cushion, no guard
GAU030	a figure seated at last, the hall behind them entirely empty
THR001-1	a throne seen close, worn smooth by long use
THR002-1	a crown resting on bare stone, unguarded
THR003-1	a figure alone before a last door, nothing behind them
THR004-1	a final gate standing open with light beyond it
THR005	a crown lowered onto a bowed head in a packed hall
THR006	a man taking a throne while its holder is dragged out
THR007	a child presented to the assembly with the old regalia
THR008	a false claimant rehearsing his bearing before a mirror
THR009	two exhausted armies meeting on an open plain at dusk
THR010	a figure seated at last, the hall behind them entirely empty
THR011	a sunrise watched by a whole city from its roofs and walls
THR012	a shattered cartwheel in a road, a stalled column behind it
THR014	one crowned figure left standing in a ruined hall
THR015	a sky of falling ash over a city with all its bells ringing
LIO001	a gold-maned helm set on a rail, during a night watch
LIO002	a red banner lifted in still air, at a reckoning
LIO003	two men clasping wrists before witnesses, before a sworn cause
LIO004	a hand laid flat on an open book, over a struck bargain
LIO005	a standard planted in dry ground, before a sworn cause
LIO006	dust turning in a shaft of sunlight, beside a running tally
LIO007	a standard planted in dry ground, beside an unpaid ledger
LIO008	a lion couchant on a sunlit step, during a night watch
LIO009	gilded doors half open, under a delivered summons
LIO010	a sealed letter passed between two men, over a struck bargain
LIO011	a hand laid flat on an open book, beside an unpaid ledger
LIO012	a lion couchant on a sunlit step, in a long hall
LIO013	a herald shouting from a high stair, at a reckoning
LIO014	two men clasping wrists before witnesses, beside a collected tithe
LIO015	a red banner lifted in still air, before a sworn cause
LIO016	dust turning in a shaft of sunlight, before a gathered host
LIO017	a sealed letter passed between two men, before a sworn cause
LIO018	a gold-maned helm set on a rail, before a sworn cause
LIO019	a herald shouting from a high stair, through a lit vigil
LIO020	a kneeling figure and an offered hand, in a long hall
LIO021	an old retainer standing watch alone, as the season turns
LIO022	a plain circlet on folded cloth, before a sworn cause
LIO023	a lion couchant on a sunlit step, under a delivered summons
LIO024	riders starting forward in bright sun, through a lit vigil
LIO025	two men clasping wrists before witnesses, in a long hall
LIO026	a plain circlet on folded cloth, on a column of march
LIO027	dust turning in a shaft of sunlight, at a crowded court
LIO028	a standard planted in dry ground, under a delivered summons
LIO029	riders starting forward in bright sun, awaiting an answer
LIO030	a gold-maned helm set on a rail, beside a running tally
LIO031	riders starting forward in bright sun, in complete silence
LIO032	a kneeling figure and an offered hand, on an open road
LIO033	a kneeling figure and an offered hand, under a delivered summons
LIO034	a gold-maned helm set on a rail, at a barred gate
LIO035	gilded doors half open, on an open road
LIO036	a herald shouting from a high stair, at a crowded court
LIO037	a gold-maned helm set on a rail, through a lit vigil
LIO038	an old retainer standing watch alone, at a reckoning
LIO039	a plain circlet on folded cloth, in careful keeping
LIO040	a gold-maned helm set on a rail, at a cleared feasting table
LIO041	a herald shouting from a high stair, over a struck bargain
LIO042	a red banner lifted in still air, at a barred gate
LIO043	an unsheathed sword laid down flat, through a lit vigil
LIO044	a sealed letter passed between two men, beside a collected tithe
LIO045	a red banner lifted in still air, on an open road
LIO046	an unsheathed sword laid down flat, under a delivered summons
LIO047	a standard planted in dry ground, in careful keeping
LIO048	a standard planted in dry ground, as the season turns
LIO049	a lion couchant on a sunlit step, awaiting an answer
LIO050	dust turning in a shaft of sunlight, at a barred gate
LIO051	a red banner lifted in still air, before a gathered host
LIO052	a sealed letter passed between two men, in a long hall
LIO053	two men clasping wrists before witnesses, on a column of march
LIO054	an old retainer standing watch alone, during a night watch
LIO055	a standard planted in dry ground, in a long hall
LIO056	two men clasping wrists before witnesses, during a night watch
LIO057	a hand laid flat on an open book, awaiting an answer
LIO058	a lion couchant on a sunlit step, over a struck bargain
LIO059	dust turning in a shaft of sunlight, under a raised standard
LIO060	a gold-maned helm set on a rail, awaiting an answer
LIO061	gilded doors half open, at a crowded court
LIO062	a standard planted in dry ground, through a lit vigil
LIO063	an old retainer standing watch alone, over a disputed claim
LIO064	a hand laid flat on an open book, beside a running tally
LIO065	a lion couchant on a sunlit step, under a raised standard
LIO066	a plain circlet on folded cloth, on an open road
LIO067	an old retainer standing watch alone, at a barred gate
LIO068	an old retainer standing watch alone, on an open road
LIO069	a lion couchant on a sunlit step, at a reckoning
LIO070	two men clasping wrists before witnesses, at a barred gate
LIO071	an unsheathed sword laid down flat, at a reckoning
LIO072	a hand laid flat on an open book, through a lit vigil
LIO073	a lion couchant on a sunlit step, on an open road
LIO074	riders starting forward in bright sun, at a reckoning
LIO075	gilded doors half open, beside an unpaid ledger
LIO076	a plain circlet on folded cloth, beside an unpaid ledger
LIO077	a hand laid flat on an open book, under a raised standard
LIO078	a sealed letter passed between two men, at a reckoning
LIO079	an unsheathed sword laid down flat, beside an unpaid ledger
LIO080	a red banner lifted in still air, beside a collected tithe
LIO081	two men clasping wrists before witnesses, under a raised standard
LIO082	dust turning in a shaft of sunlight, as the season turns
LIO083	two men clasping wrists before witnesses, beside an unpaid ledger
LIO084	a herald shouting from a high stair, on a column of march
LIO085	riders starting forward in bright sun, over a struck bargain
LIO086	a herald shouting from a high stair, under a delivered summons
LIO087	a hand laid flat on an open book, before a gathered host
LIO088	a sealed letter passed between two men, through a lit vigil
LIO089	a red banner lifted in still air, awaiting an answer
LIO090	a plain circlet on folded cloth, in a long hall
LIO091	a sealed letter passed between two men, at a crowded court
LIO092	two men clasping wrists before witnesses, awaiting an answer
LIO093	an old retainer standing watch alone, in complete silence
LIO094	a sealed letter passed between two men, under a delivered summons
LIO095	a kneeling figure and an offered hand, beside an unpaid ledger
LIO096	a red banner lifted in still air, at a crowded court
LIO097	a gold-maned helm set on a rail, on an open road
LIO098	a gold-maned helm set on a rail, before a gathered host
LIO099	gilded doors half open, during a night watch
LIO100	a gold-maned helm set on a rail, over a struck bargain
OXX001	a bent figure under a loaded frame, at a reckoning
OXX002	an ox standing still in harness, beside an unpaid ledger
OXX003	thick roots lifting a flagstone, over a disputed claim
OXX004	sheaves stacked against a barn wall, through a lit vigil
OXX005	an open field under flat cloud, before a sworn cause
OXX006	a carved wooden yoke on a beam, at a cleared feasting table
OXX007	a plough left standing in soil, in complete silence
OXX008	an open field under flat cloud, beside an unpaid ledger
OXX009	a plough left standing in soil, as the season turns
OXX010	sheaves stacked against a barn wall, beside a collected tithe
OXX011	a plough left standing in soil, before a sworn cause
OXX012	long furrows cut across a field, during a night watch
OXX013	long furrows cut across a field, in a long hall
OXX014	a bent figure under a loaded frame, beside a collected tithe
OXX015	sheaves stacked against a barn wall, as the season turns
OXX016	a boundary stone set deep in turf, awaiting an answer
OXX017	a wide yard of trodden earth, through a lit vigil
OXX018	a wide yard of trodden earth, in a long hall
OXX019	an iron collar hanging from a hook, at a reckoning
OXX020	a plough left standing in soil, on a column of march
OXX021	sheaves stacked against a barn wall, over a struck bargain
OXX022	a plough left standing in soil, awaiting an answer
OXX023	a hand steady on a harness strap, on an open road
OXX024	a well shaft with a worn rope, in careful keeping
OXX025	a track running out of sight, beside an unpaid ledger
OXX026	a plough left standing in soil, beside a running tally
OXX027	an ox standing still in harness, as the season turns
OXX028	long furrows cut across a field, before a sworn cause
OXX029	thick roots lifting a flagstone, as the season turns
OXX030	a well shaft with a worn rope, under a raised standard
OXX031	thick roots lifting a flagstone, during a night watch
OXX032	a boundary stone set deep in turf, under a raised standard
OXX033	a wide yard of trodden earth, before a sworn cause
OXX034	thick roots lifting a flagstone, at a barred gate
OXX035	thick roots lifting a flagstone, at a reckoning
OXX036	a track running out of sight, before a gathered host
OXX037	a boundary stone set deep in turf, at a reckoning
OXX038	a track running out of sight, on an open road
OXX039	a hand steady on a harness strap, awaiting an answer
OXX040	sheaves stacked against a barn wall, at a crowded court
OXX041	a hand steady on a harness strap, beside a collected tithe
OXX042	an ox standing still in harness, over a struck bargain
OXX043	a cart at walking pace on a rutted road, beside a collected tithe
OXX044	thick roots lifting a flagstone, beside a running tally
OXX045	a plough left standing in soil, in a long hall
OXX046	long furrows cut across a field, on a column of march
OXX047	a bent figure under a loaded frame, at a crowded court
OXX048	a bent figure under a loaded frame, in complete silence
OXX049	a carved wooden yoke on a beam, through a lit vigil
OXX050	a wide yard of trodden earth, during a night watch
OXX051	a carved wooden yoke on a beam, awaiting an answer
OXX052	a track running out of sight, on a column of march
OXX053	an iron collar hanging from a hook, under a delivered summons
OXX054	a wide yard of trodden earth, at a reckoning
OXX055	thick roots lifting a flagstone, before a sworn cause
OXX056	a plough left standing in soil, through a lit vigil
OXX057	a carved wooden yoke on a beam, beside an unpaid ledger
OXX058	a wide yard of trodden earth, as the season turns
OXX059	a hand steady on a harness strap, during a night watch
OXX060	an iron collar hanging from a hook, on an open road
OXX061	a hand steady on a harness strap, over a disputed claim
OXX062	a cart at walking pace on a rutted road, beside a running tally
OXX063	a track running out of sight, over a struck bargain
OXX064	a bent figure under a loaded frame, before a sworn cause
OXX065	a well shaft with a worn rope, during a night watch
OXX066	a wide yard of trodden earth, beside a collected tithe
OXX067	an ox standing still in harness, on a column of march
OXX068	a cart at walking pace on a rutted road, beside an unpaid ledger
OXX069	a plough left standing in soil, under a raised standard
OXX070	a cart at walking pace on a rutted road, on a column of march
OXX071	a well shaft with a worn rope, under a delivered summons
OXX072	a carved wooden yoke on a beam, at a barred gate
OXX073	a well shaft with a worn rope, on an open road
OXX074	long furrows cut across a field, before a gathered host
OXX075	a boundary stone set deep in turf, before a sworn cause
OXX076	a boundary stone set deep in turf, at a crowded court
OXX077	a well shaft with a worn rope, at a reckoning
OXX078	a hand steady on a harness strap, beside an unpaid ledger
OXX079	a wide yard of trodden earth, in complete silence
OXX080	sheaves stacked against a barn wall, at a cleared feasting table
OXX081	a plough left standing in soil, beside a collected tithe
OXX082	an ox standing still in harness, under a raised standard
OXX083	long furrows cut across a field, at a crowded court
OXX084	a bent figure under a loaded frame, over a disputed claim
OXX085	an iron collar hanging from a hook, beside a collected tithe
OXX086	a carved wooden yoke on a beam, beside a running tally
OXX087	an ox standing still in harness, through a lit vigil
OXX088	a hand steady on a harness strap, at a crowded court
OXX089	a boundary stone set deep in turf, under a delivered summons
OXX090	a well shaft with a worn rope, at a cleared feasting table
OXX091	a boundary stone set deep in turf, over a disputed claim
OXX092	a hand steady on a harness strap, through a lit vigil
OXX093	a bent figure under a loaded frame, in a long hall
OXX094	sheaves stacked against a barn wall, over a disputed claim
OXX095	thick roots lifting a flagstone, on an open road
OXX096	sheaves stacked against a barn wall, during a night watch
OXX097	a hand steady on a harness strap, under a raised standard
OXX098	sheaves stacked against a barn wall, before a sworn cause
OXX099	sheaves stacked against a barn wall, at a barred gate
OXX100	a wide yard of trodden earth, over a disputed claim
WLF001	a tally of notches cut in a post, over a struck bargain
WLF002	a bandage being unwound slowly, over a struck bargain
WLF003	an old scar across a knuckle, at a reckoning
WLF004	figures ringing a lit doorway, in careful keeping
WLF005	figures ringing a lit doorway, beside a collected tithe
WLF006	a wall of names scratched deep, in careful keeping
WLF007	a wall of names scratched deep, in complete silence
WLF008	an empty bowl on a cold table, before a sworn cause
WLF009	an empty bowl on a cold table, during a night watch
WLF010	an old scar across a knuckle, through a lit vigil
WLF011	tracks in fresh snow, beside a collected tithe
WLF012	figures ringing a lit doorway, beside an unpaid ledger
WLF013	snow falling on a dead fire, at a cleared feasting table
WLF014	a bandage being unwound slowly, through a lit vigil
WLF015	a wall of names scratched deep, as the season turns
WLF016	snow falling on a dead fire, at a barred gate
WLF017	an old scar across a knuckle, over a struck bargain
WLF018	snow banked against a shut door, beside a running tally
WLF019	a wall of names scratched deep, at a crowded court
WLF020	a bandage being unwound slowly, on a column of march
WLF021	a hand at a collar in the dark, at a reckoning
WLF022	a hand at a collar in the dark, over a disputed claim
WLF023	tracks in fresh snow, beside an unpaid ledger
WLF024	snow banked against a shut door, beside an unpaid ledger
WLF025	figures ringing a lit doorway, during a night watch
WLF026	frost across a window pane, at a barred gate
WLF027	a hand at a collar in the dark, beside an unpaid ledger
WLF028	a thin figure at a low fire, at a barred gate
WLF029	snow banked against a shut door, on an open road
WLF030	tracks in fresh snow, as the season turns
WLF031	snow falling on a dead fire, on an open road
WLF032	a wall of names scratched deep, beside a collected tithe
WLF033	a knife laid on a whetstone, over a disputed claim
WLF034	a thin figure at a low fire, under a raised standard
WLF035	frost across a window pane, in complete silence
WLF036	an empty bowl on a cold table, in careful keeping
WLF037	snow falling on a dead fire, at a crowded court
WLF038	an old scar across a knuckle, over a disputed claim
WLF039	a thin figure at a low fire, on an open road
WLF040	a tally of notches cut in a post, through a lit vigil
WLF041	snow falling on a dead fire, awaiting an answer
WLF042	an empty bowl on a cold table, before a gathered host
WLF043	figures ringing a lit doorway, in a long hall
WLF044	a tally of notches cut in a post, in complete silence
WLF045	frost across a window pane, under a delivered summons
WLF046	snow falling on a dead fire, in a long hall
WLF047	figures ringing a lit doorway, through a lit vigil
WLF048	an empty bowl on a cold table, on an open road
WLF049	frost across a window pane, over a disputed claim
WLF050	grey shapes moving between bare trees, as the season turns
WLF051	an old scar across a knuckle, at a barred gate
WLF052	a knife laid on a whetstone, under a raised standard
WLF053	an old scar across a knuckle, in a long hall
WLF054	a hand at a collar in the dark, as the season turns
WLF055	an empty bowl on a cold table, over a disputed claim
WLF056	grey shapes moving between bare trees, in complete silence
WLF057	a thin figure at a low fire, before a gathered host
WLF058	grey shapes moving between bare trees, at a cleared feasting table
WLF059	an empty bowl on a cold table, beside a running tally
WLF060	a hand at a collar in the dark, on a column of march
WLF061	a wall of names scratched deep, at a barred gate
WLF062	a knife laid on a whetstone, during a night watch
WLF063	a lone figure on a ridge at dusk, beside a collected tithe
WLF064	tracks in fresh snow, at a cleared feasting table
WLF065	a hand at a collar in the dark, during a night watch
WLF066	snow falling on a dead fire, beside a collected tithe
WLF067	a knife laid on a whetstone, on an open road
WLF068	a thin figure at a low fire, at a reckoning
WLF069	an old scar across a knuckle, as the season turns
WLF070	an old scar across a knuckle, beside a collected tithe
WLF071	snow banked against a shut door, before a gathered host
WLF072	a hand at a collar in the dark, in careful keeping
WLF073	a knife laid on a whetstone, beside an unpaid ledger
WLF074	a lone figure on a ridge at dusk, over a struck bargain
WLF075	a tally of notches cut in a post, before a gathered host
WLF076	an empty bowl on a cold table, at a barred gate
WLF077	a hand at a collar in the dark, beside a running tally
WLF078	a lone figure on a ridge at dusk, through a lit vigil
WLF079	tracks in fresh snow, during a night watch
WLF080	snow banked against a shut door, under a delivered summons
WLF081	a tally of notches cut in a post, beside an unpaid ledger
WLF082	a thin figure at a low fire, on a column of march
WLF083	an old scar across a knuckle, before a gathered host
WLF084	grey shapes moving between bare trees, over a struck bargain
WLF085	a lone figure on a ridge at dusk, awaiting an answer
WLF086	a bandage being unwound slowly, under a raised standard
WLF087	a wall of names scratched deep, in a long hall
WLF088	snow falling on a dead fire, over a disputed claim
WLF089	snow falling on a dead fire, beside a running tally
WLF090	a thin figure at a low fire, awaiting an answer
WLF091	snow falling on a dead fire, beside an unpaid ledger
WLF092	figures ringing a lit doorway, before a sworn cause
WLF093	a lone figure on a ridge at dusk, at a barred gate
WLF094	frost across a window pane, in a long hall
WLF095	a hand at a collar in the dark, in a long hall
WLF096	a thin figure at a low fire, as the season turns
WLF097	snow banked against a shut door, under a raised standard
WLF098	a bandage being unwound slowly, before a sworn cause
WLF099	a knife laid on a whetstone, beside a running tally
WLF100	snow banked against a shut door, beside a collected tithe
BOA001	dark red on turned earth, during a night watch
BOA002	rain filling deep ruts, under a delivered summons
BOA003	a gate braced shut from inside, as the season turns
BOA004	bracken flattened in a wide circle, in complete silence
BOA005	wet bristle and dark hide, at a barred gate
BOA006	a dense thicket in low light, over a disputed claim
BOA007	a gate braced shut from inside, awaiting an answer
BOA008	rain filling deep ruts, under a raised standard
BOA009	a gate braced shut from inside, beside a running tally
BOA010	a dense thicket in low light, before a sworn cause
BOA011	a dense thicket in low light, as the season turns
BOA012	boots sunk in black mud, beside a collected tithe
BOA013	a torch held into undergrowth, in a long hall
BOA014	a boar skull nailed above a door, on a column of march
BOA015	bracken flattened in a wide circle, over a struck bargain
BOA016	wet bristle and dark hide, beside a collected tithe
BOA017	a gate braced shut from inside, in complete silence
BOA018	a broken spear shaft in mud, over a struck bargain
BOA019	a figure rising out of the mire, under a raised standard
BOA020	a broken spear shaft in mud, over a disputed claim
BOA021	a dense thicket in low light, before a gathered host
BOA022	a gate braced shut from inside, beside a collected tithe
BOA023	a figure rising out of the mire, awaiting an answer
BOA024	dark red on turned earth, on an open road
BOA025	a boar skull nailed above a door, at a reckoning
BOA026	a figure rising out of the mire, in complete silence
BOA027	wet bristle and dark hide, on an open road
BOA028	a low hide under wet branches, before a gathered host
BOA029	a figure rising out of the mire, at a crowded court
BOA030	a gate braced shut from inside, before a gathered host
BOA031	a boar skull nailed above a door, at a cleared feasting table
BOA032	bracken flattened in a wide circle, before a sworn cause
BOA033	dark red on turned earth, in complete silence
BOA034	a boar skull nailed above a door, under a delivered summons
BOA035	a broken spear shaft in mud, at a reckoning
BOA036	a boar skull nailed above a door, beside a collected tithe
BOA037	a broken spear shaft in mud, under a raised standard
BOA038	a broken spear shaft in mud, in careful keeping
BOA039	a broken spear shaft in mud, in complete silence
BOA040	a figure rising out of the mire, in careful keeping
BOA041	a dense thicket in low light, in complete silence
BOA042	a figure rising out of the mire, under a delivered summons
BOA043	a torch held into undergrowth, beside a running tally
BOA044	dark red on turned earth, beside a running tally
BOA045	boots sunk in black mud, over a disputed claim
BOA046	a boar skull nailed above a door, over a disputed claim
BOA047	boots sunk in black mud, awaiting an answer
BOA048	a broken spear shaft in mud, awaiting an answer
BOA049	a dense thicket in low light, through a lit vigil
BOA050	a figure rising out of the mire, over a disputed claim
BOA051	wet bristle and dark hide, in complete silence
BOA052	a splintered shield still held up, as the season turns
BOA053	boots sunk in black mud, at a crowded court
BOA054	a broken spear shaft in mud, beside an unpaid ledger
BOA055	earth torn up in ragged lines, in careful keeping
BOA056	a gate braced shut from inside, during a night watch
BOA057	a figure rising out of the mire, before a sworn cause
BOA058	bracken flattened in a wide circle, at a crowded court
BOA059	wet bristle and dark hide, at a reckoning
BOA060	riders starting forward in bright sun, at a reckoning
BOA061	bracken flattened in a wide circle, at a cleared feasting table
BOA062	earth torn up in ragged lines, under a delivered summons
BOA063	wet bristle and dark hide, on a column of march
BOA064	wet bristle and dark hide, under a raised standard
BOA065	a dense thicket in low light, beside an unpaid ledger
BOA066	a boar skull nailed above a door, under a raised standard
BOA067	a gate braced shut from inside, at a crowded court
BOA068	a boar skull nailed above a door, at a crowded court
BOA069	a boar skull nailed above a door, at a barred gate
BOA070	rain filling deep ruts, on an open road
BOA071	a low hide under wet branches, beside a collected tithe
BOA072	a low hide under wet branches, at a cleared feasting table
BOA073	a splintered shield still held up, beside a running tally
BOA074	bracken flattened in a wide circle, under a raised standard
BOA075	bracken flattened in a wide circle, in a long hall
BOA076	a gate braced shut from inside, beside an unpaid ledger
BOA077	a low hide under wet branches, over a struck bargain
BOA078	a low hide under wet branches, over a disputed claim
BOA079	riders starting forward in bright sun, in careful keeping
BOA080	a splintered shield still held up, at a cleared feasting table
BOA081	boots sunk in black mud, through a lit vigil
BOA082	rain filling deep ruts, before a sworn cause
BOA083	earth torn up in ragged lines, at a barred gate
BOA084	a boar skull nailed above a door, on an open road
BOA085	a broken spear shaft in mud, beside a collected tithe
BOA086	riders starting forward in bright sun, awaiting an answer
BOA087	a dense thicket in low light, on a column of march
BOA088	riders starting forward in bright sun, in a long hall
BOA089	a broken spear shaft in mud, at a cleared feasting table
BOA090	dark red on turned earth, before a gathered host
BOA091	a low hide under wet branches, on an open road
BOA092	a figure rising out of the mire, beside an unpaid ledger
BOA093	earth torn up in ragged lines, under a raised standard
BOA094	a dense thicket in low light, on an open road
BOA095	a dense thicket in low light, at a crowded court
BOA096	a splintered shield still held up, in careful keeping
BOA097	a torch held into undergrowth, at a crowded court
BOA098	dark red on turned earth, under a delivered summons
BOA099	a low hide under wet branches, under a raised standard
BOA100	rain filling deep ruts, in careful keeping
GOL201	a cage lift descending a brick mine shaft, lamps burning down the wall, ore trucks waiting at the head
GOL202	a second winding tower raised beside the first, fresh rope coiled on the drum, spoil heaped around it
GOL203	a long table of stacked coin under a barred window, clerks weighing each pile on brass scales
GOL204	a coining press striking blanks, a tray of bright new coin cooling beside the die
GOL205	a crowded trading floor beneath a great glass roof, brokers signalling over each other
GOL206	a surveyor and a banker bent over plans in a half-built hall, scaffolding above them
WAR201	rows of recruits drilling on a churned field at dawn, sergeants pacing the lines
WAR202	a column of men marching out through a town gate, families pressed against the walls watching
POL201	a heavy wax seal pressed onto a broad blank parchment on a council table, hands steadying it
POL202	a packed tiered chamber with every bench full, one speaker standing in the well
INT201	a heavy purse passed beneath a table in a lamplit back room, neither face turned to the other
INT202	a strongbox opened on a private desk, a key still in the lock and the lamp turned low
