term	due	undertaking
Vote	At the next Council	I will direct my lords as you say.
Peace	End of the second round from now	I will not attack you, nor instigate against you.
Forbearance	At the next Throne challenge	I will not commit against your challenge.
Restraint	End of next round	I will not buy Favour, nor instigate against your lords.
Disclosure	End of next round	I will reveal one of my Ambitions, truthfully.
Tribute	End of next round	I will pay you a named Levy.
Manumission	End of next round	I will free one of my Minor Lords.
Abstention	At the next Council	My lords will not vote at all.
Alliance	Both conditions, and breaking either breaks both	I will keep the peace, and come when called.
Any	As the term names	The term is named when this is sworn.
