back	job	model	seed	w	h	steps	prompt	negative
aldemar	f76873c62b20	sd-turbo	202693592	512	512	4	stag in a heraldic nordic medieval shield, oil painted	
ambition	80256376add6	sd-turbo	2034665259	512	512	4	a crown on a high step in a heraldic nordic medieval shield, oil painted, dull plum and old gold. steampunk, oil painting, thick impasto brushwork, dramatic chiaroscuro, brass and soot, heraldic, symmetrical, centred, painted card back	text, words, letters, typography, watermark, signature, people, faces, hands, landscape, scene, blurry, asymmetric, cropped
council	4d34f10ff98e	sd-turbo	501253701	512	512	4	a ring of empty chairs in a heraldic nordic medieval shield, oil painted, cold slate and tin. steampunk, oil painting, thick impasto brushwork, dramatic chiaroscuro, brass and soot, heraldic, symmetrical, centred, painted card back	text, words, letters, typography, watermark, signature, people, faces, hands, landscape, scene, blurry, asymmetric, cropped
court	70f22dfe89e8	sd-turbo	2043332542	512	512	4	an open ledger and a quill in a heraldic nordic medieval shield, oil painted, pale stone and grey. steampunk, oil painting, thick impasto brushwork, dramatic chiaroscuro, brass and soot, heraldic, symmetrical, centred, painted card back	text, words, letters, typography, watermark, signature, people, faces, hands, landscape, scene, blurry, asymmetric, cropped
goldwyn	614bc461885e	sdxl-turbo	1200144241	512	512	4	a single heraldic shield bearing one spider on its web, brass and gold leaf, warm gaslight, stacked coins behind it. steampunk, oil painting, thick impasto brushwork, dramatic chiaroscuro, brass and soot, heraldic, symmetrical, centred, painted card back	text, words, letters, typography, watermark, signature, people, faces, hands, landscape, scene, blurry, asymmetric, cropped
intrigue	318c495b369a	sd-turbo	1595428039	512	512	4	a dagger and a key crossed in a heraldic nordic medieval shield, oil painted, brass and shadow. steampunk, oil painting, thick impasto brushwork, dramatic chiaroscuro, brass and soot, heraldic, symmetrical, centred, painted card back	text, words, letters, typography, watermark, signature, people, faces, hands, landscape, scene, blurry, asymmetric, cropped
lever	a43628d88e49	sd-turbo	1131545424	512	512	4	a chain and an iron key in a heraldic nordic medieval shield, oil painted, moss green and iron. steampunk, oil painting, thick impasto brushwork, dramatic chiaroscuro, brass and soot, heraldic, symmetrical, centred, painted card back	text, words, letters, typography, watermark, signature, people, faces, hands, landscape, scene, blurry, asymmetric, cropped
political	2c9ce1c99202	sd-turbo	151333513	512	512	4	a crossed mace and scroll in a heraldic nordic medieval shield, oil painted, slate blue and pewter. steampunk, oil painting, thick impasto brushwork, dramatic chiaroscuro, brass and soot, heraldic, symmetrical, centred, painted card back	text, words, letters, typography, watermark, signature, people, faces, hands, landscape, scene, blurry, asymmetric, cropped
promise	e766ef134daa	sd-turbo	1349929975	512	512	4	two clasped hands over a wax seal in a heraldic nordic medieval shield, oil painted, deep green and parchment. steampunk, oil painting, thick impasto brushwork, dramatic chiaroscuro, brass and soot, heraldic, symmetrical, centred, painted card back	text, words, letters, typography, watermark, signature, people, faces, hands, landscape, scene, blurry, asymmetric, cropped
ravenmark	a7e70cdf77a3	sdxl-turbo	54774843	512	512	4	a single heraldic shield bearing one black raven with spread wings, riveted iron, dark red and gunmetal, storm light behind it. steampunk, oil painting, thick impasto brushwork, dramatic chiaroscuro, brass and soot, heraldic, symmetrical, centred, painted card back	text, words, letters, typography, watermark, signature, people, faces, hands, landscape, scene, blurry, asymmetric, cropped
realm	fdfb41ce7be6	sdxl-turbo	579663347	512	512	4	a single heraldic shield bearing a crown above crossed keys and a brass gear, ochre and soot, for the shared decks of the realm. steampunk, oil painting, thick impasto brushwork, dramatic chiaroscuro, brass and soot, heraldic, symmetrical, centred, painted card back	text, words, letters, typography, watermark, signature, people, faces, hands, landscape, scene, blurry, asymmetric, cropped
throne	57a5ed73d2f9	sd-turbo	498899796	512	512	4	a tall iron throne in a heraldic nordic medieval shield, oil painted, dark red brown and gilt. steampunk, oil painting, thick impasto brushwork, dramatic chiaroscuro, brass and soot, heraldic, symmetrical, centred, painted card back	text, words, letters, typography, watermark, signature, people, faces, hands, landscape, scene, blurry, asymmetric, cropped
vipren	f0d12be73699	sdxl-turbo	1270403704	512	512	4	a single heraldic shield bearing one coiled serpent, deep green and verdigris, green glass and lamplight, smoke behind it. steampunk, oil painting, thick impasto brushwork, dramatic chiaroscuro, brass and soot, heraldic, symmetrical, centred, painted card back	text, words, letters, typography, watermark, signature, people, faces, hands, landscape, scene, blurry, asymmetric, cropped
war	876b4189338b	sd-turbo	859954805	512	512	4	crossed cannons in a heraldic nordic medieval shield, oil painted, dark red and soot. steampunk, oil painting, thick impasto brushwork, dramatic chiaroscuro, brass and soot, heraldic, symmetrical, centred, painted card back	text, words, letters, typography, watermark, signature, people, faces, hands, landscape, scene, blurry, asymmetric, cropped
world	f4921f932ad6	sd-turbo	962531135	512	512	4	a sun over bare hills in a heraldic nordic medieval shield, oil painted, weathered brown and bone. steampunk, oil painting, thick impasto brushwork, dramatic chiaroscuro, brass and soot, heraldic, symmetrical, centred, painted card back	text, words, letters, typography, watermark, signature, people, faces, hands, landscape, scene, blurry, asymmetric, cropped
