RAV001	The horn does not ask. It counts.
RAV002	Every field gives up its sons. Some give them twice.
RAV003	They cheer because the alternative is noticed.
RAV004	A collar is only cruel the first time it is felt.
RAV005	Mercy is a thing you do once, to make the second time unnecessary.
RAV006	The square is quiet. That is what quiet costs.
RAV007	We came for the grain. The plate was an accident.
RAV008	Fear travels faster than cavalry and eats less.
RAV009	He has no friends left. He has never needed fewer.
RAV010	The order was given once and not written down.
RAV011	Your word is in the ledger. So is the interest.
RAV012	Steel keeps better than parchment.
VIP001	Every wire ends at somebody's pillow.
VIP002	The physician will call it the weather.
VIP003	He read it twice. The second time he was already ours.
VIP004	Secrets are heaviest at the moment they stop being secret.
VIP005	He is loyal. We simply own the other half.
VIP006	Long enough to reach. Short enough to explain.
VIP007	Plant nothing. Only water what is already growing.
VIP008	His hand, his seal, his ruin. None of them his.
VIP009	A web is not a trap. A web is patience with a shape.
VIP010	Both of them believed me. Only one of them was wrong.
VIP011	There is no pile for a promise nobody can produce.
VIP012	One chair, one lamp, and all the time in the realm.
GOL001	Not a bribe. An adjustment to your incentives.
GOL002	They have no cause. That is what makes them reliable.
GOL003	The ballot is free. The hand that drops it is not.
GOL004	Lend a man enough and he becomes an asset.
GOL005	Gold holds better than iron. It does not rust and it does not chafe.
GOL006	Three clerks, four ledgers, and the quiet end of an empire.
GOL007	I am not angry. I am merely itemising.
GOL008	Bread now, at a rate agreed later.
GOL009	Peace is cheaper than war and sells at the same price.
GOL010	The realm's coin, briefly, was in the realm's own vault.
GOL011	A crown is an instrument. Instruments can be underwritten.
GOL012	I have not yet met the exception. I have met several who cost more.
ALD001	The chamber was built for this. Use it or admit what you are.
ALD002	Kneel, and the realm forgets. Stand, and it does not.
ALD003	An oath costs nothing. That is precisely why it is worth something.
ALD004	The gate holds because someone decided it would.
ALD005	They are not a mob until you refuse to hear them.
ALD006	The stone is long. There is room.
ALD007	The claim is lawful. Whether it is right was not the question asked.
ALD008	Better a promise dissolved than a promise broken.
ALD009	The old words still work. That is the trouble with old words.
ALD010	Held, not owned. The distinction is the whole of my house.
ALD011	I sit beside it. I do not sit in it.
ALD012	A crown put on in haste comes off the same way.
WAR001	The harvest can wait. It has waited before.
WAR002	Ten thousand men who have never fought are still ten thousand men.
WAR003	Read it from the balcony. Read it slowly.
WAR004	Three banners, one grievance, and no plan past the gate.
WAR005	We left them the land. We did not leave them the year.
WAR006	The cold kills fewer than the spring campaign will.
WAR007	The treaty was honoured until it was inconvenient.
WAR008	They had nothing to lose. Somebody made certain of that.
WAR009	Their children eat at my table. They eat well.
WAR010	Neither side won. Both sides are smaller.
POL001	Bow low enough and they will tell you what they want.
POL002	A faction is six men who agree and four who are owed.
POL003	The doors were not locked. They were merely closed.
POL004	Said in the square, so that the square may hold him to it.
POL005	The word behind the hand is the one that counts.
POL006	Ten thousand signatures and one man who reads.
POL007	Legitimacy is what a claim is called once nobody contests it.
POL008	Name him. The realm does the rest.
POL009	The collar comes off. The habit does not.
POL010	Nobody may be king this year. Everyone finds that acceptable.
INT001	Coin buys silence. Coin also buys the end of it.
INT002	The servants hear everything and are asked nothing.
INT003	He did not start the fire. He only mentioned the dryness.
INT004	Watch long enough and a household tells you its arithmetic.
INT005	The seal was perfect. It is the only part that was.
INT006	You will remember, I hope, that I did not have to.
INT007	The vintage was excellent. The guest less so.
INT008	It need not be true. It need only be repeated by someone respectable.
INT009	The gate was locked. The guard had the key and a better offer.
INT010	It was not my secret. That is what made it saleable.
PRM001	Bought and paid for, which is the honest kind.
PRM002	Given freely, which is the kind that is remembered.
PRM003	Two rounds. After that we are strangers again.
PRM004	Send word and I will come. Send word early.
PRM005	Paid on time, every time, for exactly as long as it suits me.
PRM006	Let him go. He will remember who opened the door.
PRM007	I will say nothing. Nothing is a position.
PRM008	Peace and aid together. Break one and you have broken both.
LEV001	They were married in spring. Neither was consulted in winter.
LEV002	He is a guest. He is treated as a guest. He may not leave.
LEV003	Debt is the only chain a man puts on himself.
LEV004	I have kept it for years. I could keep it for years more.
LEV005	The soldiers sleep in his hall. He sleeps upstairs.
LEV006	He has guards at every door. That is how I know.
LEV007	I asked for nothing at the time. I am asking now.
AMB001	The host is the argument. Nobody reads the rest.
AMB002	A full vault is not power. It is power that has not been spent yet.
AMB003	Whoever the room turns to has already won something.
AMB004	Two knees bent, and the whole realm counts them.
AMB005	Not one broken word. In this court that is nearly an accusation.
AMB006	The crown he placed was not his. That was the point.
AMB007	Twice is not luck. Twice is a reputation.
AMB008	They will not cheer. They will not need to.
AMB009	Someone else's realm, burning. That will do.
AMB010	He had broken his word twice. The realm forgave neither.
CNC001	Everyone is here. That has never once been good news.
CNC002	The question is old. The claimants are new.
CNC003	Nobody expected him to speak. Nobody could stop him.
CNC004	Sealed, counted, and nobody's to buy.
CNC005	The clerk read it aloud. He had written it himself, years ago.
WLD001	The rain came late and left early.
WLD002	A good year. The realm will spend it on something stupid.
WLD003	The physicians came. Then the physicians stopped coming.
WLD004	They burned the records first. They knew what mattered.
WLD005	No cause, no country, and a reasonable day rate.
WLD006	Every debt at once. The realm discovers what it is worth.
WLD007	It began in a corridor and nobody thought to write it down.
CRT001	The Court says nothing. The Court writes everything down.
CRT002	An audience is granted. It is not the same as being heard.
CRT003	The purse stayed on the table. Both men looked at it.
CRT004	The verdict was sealed before the arguments finished.
CRT005	The Court has no opinion this session. That is an opinion.
THR001	Up the steps, and nothing after them.
THR002	It was always for sale. Nobody had met the price.
THR003	The crowd chose. The crowd was helped.
THR004	They swore to the realm. Someone is about to read it back.
PRM009	Paid first, so that the peace has something to lose.
PRM010	He was not bought. He was compensated for his absence.
PRM011	A small sum, arriving reliably, is worth more than a large one once.
PRM012	The field will be empty. It has been paid to be empty.
PRM013	Do nothing, carefully, for one round.
PRM014	You may see one page. I will choose which.
PRM015	His freedom cost him nothing and me a great deal.
PRM016	The vote was always going to go one way. Now it is going there for money.
PRM017	Every quarter, without fail, until one of us stops.
PRM018	We have paid you not to come. Do not come.
PRM019	Nothing changed hands. That is either the honest kind or the cheap kind.
PRM020	I asked for nothing, which is how you will know I meant it.
PRM021	He undertook to sit still. He is very good at it.
PRM022	Told freely, and therefore believed less.
PRM023	Open the door and do not look at what walks out.
PRM024	He mentioned, in passing, that he would say nothing.
PRM025	My honour, and nothing else, which is the whole of the problem.
PRM026	Nobody will be there. I am telling you so now.
PRM027	Sworn where the realm can hear it, so the realm can hold him to it.
PRM028	Virtue is its own reward, and two Capital Standing.
PRM029	Long enough that neither of us will remember who asked.
PRM030	The chair stays empty. The chair has been paid for.
PRM031	I will tell you what I want. You will not know which part that is.
PRM032	Both hands on it, and one seal. Breaking it needs both.
LRD001	He owes everyone a little. That is worse than owing one man a lot.
LRD002	The land is still his. The income is not.
LRD003	He holds the gate. He has thought about the other side of it.
LRD004	She buried a husband and kept the keys.
LRD005	Nothing was left to him, which left him free.
LRD006	Everything that enters the realm passes his desk. He has noticed.
LRD007	He will not be bought. He can still be reached.
LRD008	There is nobody after him, which makes him careful and useless.
LRD009	He was forgiven. He has not forgotten which of the two happened.
LRD010	He saw what killed the old lord. He was paid not to.
